Media Source,Date,Tweets Ago,Text,Compound,Negative,Neutral,Positive
BBCNews,Thu Mar 08 22:37:52 +0000 2018,0,"Friday's Daily Mirror: ""M25 rapist is dead"" 
#tomorrowspaperstoday #bbcpapers
(via@hendopolis)
https://t.co/WrEtG5WOn6",-0.8807,0.495,0.505,0.0
BBCNews,Thu Mar 08 22:36:35 +0000 2018,1,"Friday's The Times: ""Traitors are not safe on British soil says Russia"" #tomorrowspaperstoday 
#bbcpapers
(via@hend‚Ä¶ https://t.co/n4xXnQc2FR",-0.3412,0.862,0.138,0.0
BBCNews,Thu Mar 08 22:36:18 +0000 2018,2,"Friday's The Guardian: ""Ministers set to offer NHS staff 6.5% rise"" #tomorrowspaperstoday #bbcpapers
(via@hendopoli‚Ä¶ https://t.co/NgR2ndpYCM",0.0,1.0,0.0,0.0
BBCNews,Thu Mar 08 22:36:03 +0000 2018,3,"Friday's The Sun: ""Our lad's beating Vlad""
#tomorrowspaperstoday #bbcpapers
(via@hendopolis)
https://t.co/SlvYV4RpEj",-0.4588,0.769,0.231,0.0
BBCNews,Thu Mar 08 22:35:40 +0000 2018,4,"Friday's Daily Telegraph: ""Give blood pressure drugs to half of UK"" #tomorrowspaperstoday #bbcpapers
(via@hendopoli‚Ä¶ https://t.co/MEtwkaGToP",-0.296,0.864,0.136,0.0
BBCNews,Thu Mar 08 20:31:12 +0000 2018,5,"IoD chair accused of racist, sexist, and bullying behaviour https://t.co/CHUQf5E6A0",-0.8779,0.409,0.591,0.0
BBCNews,Thu Mar 08 20:28:10 +0000 2018,6,"RT @BBCSport: Back to winning ways!

Arsenal put their problems to one side at AC Milan tonight.

Report: https://t.co/mccQRitaoZ #UEL http‚Ä¶",0.2481,0.748,0.106,0.145
BBCNews,Thu Mar 08 20:12:33 +0000 2018,7,Knuckle-duster attack woman 'let down by system' https://t.co/N09QbEE601,-0.4767,0.693,0.307,0.0
BBCNews,Thu Mar 08 19:53:19 +0000 2018,8,RT @BBC_HaveYourSay: The NHS is 70 years old this year. We want you to share your memories and stories with us. More details here: https://‚Ä¶,0.3612,0.868,0.0,0.132
BBCNews,Thu Mar 08 19:07:31 +0000 2018,9,UK government to press on with Brexit bill despite no agreement https://t.co/ojS1S6iDNe,-0.1877,0.689,0.181,0.13
BBCNews,Thu Mar 08 18:20:53 +0000 2018,10,KFC in partial return to ex-supplier Bidvest https://t.co/hwAqHmbcTw,0.0,1.0,0.0,0.0
BBCNews,Thu Mar 08 18:05:02 +0000 2018,11,Russian spy: Police name officer injured in attack https://t.co/wWN6SOQnBK,-0.7003,0.547,0.453,0.0
BBCNews,Thu Mar 08 18:03:13 +0000 2018,12,"RT @BBCSport: AC Milan üÜö Arsenal is under way! ‚öΩ

Live: https://t.co/zImCV3VBWi #UEL https://t.co/ofVfqBjrMN",0.0,1.0,0.0,0.0
BBCNews,Thu Mar 08 17:29:30 +0000 2018,13,University exams could be hit by new strike action https://t.co/lPityhiUEJ,-0.128,0.857,0.143,0.0
BBCNews,Thu Mar 08 17:11:29 +0000 2018,14,"RT @BBCSport: Aaron Ramsey is back in the Arsenal team to take on AC Milan tonight.

üìã Team news and live build-up: https://t.co/zImCV3VBWi‚Ä¶",0.0,1.0,0.0,0.0
BBCNews,Thu Mar 08 16:55:54 +0000 2018,15,"Meghan Markle hug a 'dream come true' for girl, 10 https://t.co/IuIYokQQKF",0.7845,0.47,0.0,0.53
BBCNews,Thu Mar 08 16:47:39 +0000 2018,16,"RT @bbc5live: ‚ÄúHe was a gem""

Oscar-winning actress @SusanSarandon tells @AnnaeFoster the late Paul Newman once gave her part of his salary‚Ä¶",0.0,1.0,0.0,0.0
BBCNews,Thu Mar 08 16:45:09 +0000 2018,17,RT @BBCFergusWalsh: Aged 82 but with the immune system of a 20 year old - the hidden benefits of exercise:  https://t.co/md1DyqBKjq https:/‚Ä¶,0.7351,0.744,0.0,0.256
BBCNews,Thu Mar 08 16:40:18 +0000 2018,18,How exercise in old age prevents the immune system from declining https://t.co/4sRKRFpO5Y,0.3612,0.741,0.0,0.259
BBCNews,Thu Mar 08 16:08:54 +0000 2018,19,Optician who claims to treat autism struck off https://t.co/l3fhAJPm1O,0.1779,0.598,0.171,0.231
CBSNews,Thu Mar 08 23:11:30 +0000 2018,20,"In several letters with @steve_dorsey, ""Pharma Bro"" Martin Shrkeli lashed out at the media, discussed his budding f‚Ä¶ https://t.co/KcPRVkSHtC",0.0,1.0,0.0,0.0
CBSNews,Thu Mar 08 22:41:32 +0000 2018,21,"NEW: South Korean national security adviser to make announcement in WH briefing room at 7 p.m. ET, White House officials say.",0.34,0.888,0.0,0.112
CBSNews,Thu Mar 08 22:40:01 +0000 2018,22,One of the best running backs in the 2018 NFL Draft class says a team asked about his sexuality at last week's comb‚Ä¶ https://t.co/y7EtWiNdGb,0.6124,0.795,0.045,0.159
CBSNews,Thu Mar 08 22:20:25 +0000 2018,23,Tom Brady's mop of brunette hair is no more -- the Patriots quarterback chopped it off in the name of cancer resear‚Ä¶ https://t.co/PRKJLjMgdR,-0.765,0.761,0.239,0.0
CBSNews,Thu Mar 08 22:00:02 +0000 2018,24,"""No matter how you slice it, falsity wins out"": On Twitter, false information travels six times faster than the tru‚Ä¶ https://t.co/AMpFR3naC9",0.3818,0.72,0.088,0.192
CBSNews,Thu Mar 08 21:42:45 +0000 2018,25,"She was ""originally only supposed to stay for a few days after her arrival."" But as the ""Fearless Girl"" celebrates‚Ä¶ https://t.co/TpVeJcxXN5",0.4404,0.868,0.0,0.132
CBSNews,Thu Mar 08 21:24:17 +0000 2018,26,Judge recommends President Donald Trump mute rather than block some Twitter followers to resolve a First Amendment‚Ä¶ https://t.co/MrWzI1bL4f,0.1531,0.654,0.136,0.21
CBSNews,Thu Mar 08 21:13:04 +0000 2018,27,"""Even in the proclamation the president just signed a few minutes, there is still uncertainty about which countries‚Ä¶ https://t.co/DhKYdvMc1F",-0.34,0.876,0.124,0.0
CBSNews,Thu Mar 08 21:04:33 +0000 2018,28,WATCH: Pres. Trump signs new tariffs on aluminum and steel imports; 25 percent on steel imports and 10 percent on a‚Ä¶ https://t.co/BBt7WZBwfB,0.0,1.0,0.0,0.0
CBSNews,Thu Mar 08 21:02:28 +0000 2018,29,"""I thank you for the opportunity for what you are doing,"" president of local steelworker union tells Pres. Trump.
""‚Ä¶ https://t.co/sWTkNSFDti",0.6486,0.782,0.0,0.218
CBSNews,Thu Mar 08 20:53:20 +0000 2018,30,"""Due to the unique nature of our relationship with Canada and Mexico, we are negotiating NAFTA -- we are going to h‚Ä¶ https://t.co/l5LeV1z2cz",0.0,1.0,0.0,0.0
CBSNews,Thu Mar 08 20:46:54 +0000 2018,31,"""The actions we are taking today are not a matter of choice, they are a matter of necessity for our security,"" Pres‚Ä¶ https://t.co/1VlwPTd9ir",-0.0382,0.898,0.102,0.0
CBSNews,Thu Mar 08 20:44:44 +0000 2018,32,"""Today, I am defending America's national security, by placing tariffs on foreign imports of steel &amp; aluminum,"" Pre‚Ä¶ https://t.co/7nKXkalnZR",0.34,0.876,0.0,0.124
CBSNews,Thu Mar 08 20:43:23 +0000 2018,33,"Pres. Trump: ""We have to protect and build our steel and aluminum industries, while at the same time showing great‚Ä¶ https://t.co/U79uBUOv6d",0.3818,0.885,0.0,0.115
CBSNews,Thu Mar 08 20:40:32 +0000 2018,34,WATCH LIVE: Pres. Trump to sign new tariffs on aluminum and steel imports at White House https://t.co/0imZ0NeDGE https://t.co/QOmtFLo1nV,0.0,1.0,0.0,0.0
CBSNews,Thu Mar 08 20:26:01 +0000 2018,35,AHEAD: Pres. Trump to sign proclamation on steel and aluminum tariffs at the White House; the tariffs ‚Äî 25 percent‚Ä¶ https://t.co/Matq54eOyc,0.0,1.0,0.0,0.0
CBSNews,Thu Mar 08 20:11:01 +0000 2018,36,President Trump will sign proclamations that will institute a 25 percent tariff on steel and a 10 percent tariff on‚Ä¶ https://t.co/1x53iEhFv1,0.0,1.0,0.0,0.0
CBSNews,Thu Mar 08 19:45:30 +0000 2018,37,"This big cat is getting a CAT scan. No really, this lion is getting a CAT scan so that doctors can help treat his i‚Ä¶ https://t.co/rivVz661b3",0.4939,0.734,0.077,0.189
CBSNews,Thu Mar 08 19:25:29 +0000 2018,38,Head of U.S. Forest Service steps down amid sexual misconduct allegations https://t.co/DmVZWFoHGi https://t.co/ej4QgEqkcG,0.0,1.0,0.0,0.0
CBSNews,Thu Mar 08 19:05:02 +0000 2018,39,The FBI has opened a criminal investigation into a white North Carolina police officer shown on body camera footage‚Ä¶ https://t.co/IgehJqEmtM,-0.5267,0.833,0.167,0.0
CNN,Thu Mar 08 23:16:06 +0000 2018,40,RT @AC360: New clues emerge in Amelia Earhart's mysterious disappearance https://t.co/c8FFPn5lvK https://t.co/2NRkMJoxjS,0.0,1.0,0.0,0.0
CNN,Thu Mar 08 23:11:44 +0000 2018,41,"Russians' ""Hilltendo"" game, released weeks before 2016 election, had 3 levels:

-""Help Hillary delete as many class‚Ä¶ https://t.co/jgt7279BIY",0.0,1.0,0.0,0.0
CNN,Thu Mar 08 23:01:00 +0000 2018,42,"Fake news travels at a markedly faster rate on Twitter than accurate information, a new study finds‚Ä¶ https://t.co/jTut8mES7R",-0.4767,0.829,0.171,0.0
CNN,Thu Mar 08 22:59:50 +0000 2018,43,Republicans are performing at a historic low on the generic congressional ballot | Analysis by Harry Enten‚Ä¶ https://t.co/1cGpVkxeyb,-0.2732,0.877,0.123,0.0
CNN,Thu Mar 08 22:53:58 +0000 2018,44,"""O.J. Simpson: The Lost Confession?"" is a two-hour special cobbled together from material the network opted not to‚Ä¶ https://t.co/TadIuzegj7",0.1027,0.762,0.11,0.129
CNN,Thu Mar 08 22:44:14 +0000 2018,45,"Cindy McCain tweeted to let the public know that her husband, Arizona Republican Sen. John McCain, is ""doing fine""‚Ä¶ https://t.co/x89Hid3v8e",0.0,1.0,0.0,0.0
CNN,Thu Mar 08 22:41:40 +0000 2018,46,"""We have not had a new class of antivirals for 20 years,"" the director of a research authority said during a congre‚Ä¶ https://t.co/4mZsQD3o3p",0.0772,0.936,0.0,0.064
CNN,Thu Mar 08 22:33:03 +0000 2018,47,"With America facing a massive nursing shortage, some hospitals are offering five-figure signing bonuses, free housi‚Ä¶ https://t.co/tyTDsUsOOk",0.7096,0.594,0.091,0.315
CNN,Thu Mar 08 22:33:00 +0000 2018,48,McDonald's is celebrating #InternationalWomensDay by flipping its famous golden arches https://t.co/biYp1YVTaj https://t.co/zxmxcnboZ5,0.5719,0.748,0.0,0.252
CNN,Thu Mar 08 22:24:48 +0000 2018,49,"JUST IN: President Trump tells reporters that South Korea will make a ""major announcement"" concerning North Korea a‚Ä¶ https://t.co/sTJhwnYh9b",0.0,1.0,0.0,0.0
CNN,Thu Mar 08 22:11:01 +0000 2018,50,The IRS says it has $1.1 billion in unclaimed tax refunds for 2014. Now's your last chance to claim it.‚Ä¶ https://t.co/dsyeTUeNmZ,0.25,0.909,0.0,0.091
CNN,Thu Mar 08 22:08:10 +0000 2018,51,"RT @TheLeadCNN: More than 100 GOP members of Congress wrote Trump on Wednesday urging him to ""reconsider the idea of broad tariffs to avoid‚Ä¶",0.0,1.0,0.0,0.0
CNN,Thu Mar 08 22:04:57 +0000 2018,52,"When NASA's Parker Solar Probe travels into the sun's atmosphere, you can ride along. Well, your name can.‚Ä¶ https://t.co/XqFJGw25fo",0.2732,0.896,0.0,0.104
CNN,Thu Mar 08 22:01:20 +0000 2018,53,A senior adviser at HUD spread a false conspiracy theory that claimed Hillary Clinton's 2016 presidential campaign‚Ä¶ https://t.co/sKaKkCuZXu,-0.5267,0.815,0.185,0.0
CNN,Thu Mar 08 22:00:47 +0000 2018,54,"Why block a user when the mute button could do?

That is one of the questions posed in a lawsuit alleging that Pres‚Ä¶ https://t.co/YPNMw3wWoc",-0.5859,0.806,0.194,0.0
CNN,Thu Mar 08 21:55:24 +0000 2018,55,"""President Trump might be facing a period of stormy news coverage over allegations he paid to cover up an affair wi‚Ä¶ https://t.co/9ewX30Rcr1",0.0,1.0,0.0,0.0
CNN,Thu Mar 08 21:53:33 +0000 2018,56,Sen. Jeff Flake threatens to introduce legislation to nullify President Trump's tariffs https://t.co/bWttC10UQt https://t.co/r6rHfLiP6i,-0.3818,0.833,0.167,0.0
CNN,Thu Mar 08 21:51:50 +0000 2018,57,"Tesla CEO Elon Musk wants his electric car company to be competitive in China, and he's asking for US President Tru‚Ä¶ https://t.co/xn4FmAZvMp",0.1779,0.925,0.0,0.075
CNN,Thu Mar 08 21:50:32 +0000 2018,58,PlayStation 4's latest update gives parents the ability to restrict how long a child uses the system‚Ä¶ https://t.co/OW3V6neOEb,-0.0772,0.754,0.131,0.116
CNN,Thu Mar 08 21:44:08 +0000 2018,59,"Trump's tariff plan has spooked markets, prompted his chief economist's resignation, rattled major US allies and wi‚Ä¶ https://t.co/3RqTOD1kMP",-0.296,0.885,0.115,0.0
FoxNews,Thu Mar 08 23:10:59 +0000 2018,60,"Criminals can easily hack into your web browser, report says https://t.co/BR0nqckSDK",-0.3182,0.596,0.245,0.159
FoxNews,Thu Mar 08 23:08:31 +0000 2018,61,"President @realDonaldTrump announces ""major statement"" about North Korea from South Korean officials.‚Ä¶ https://t.co/8voQnCkqa6",0.0,1.0,0.0,0.0
FoxNews,Thu Mar 08 23:03:36 +0000 2018,62,"South Korea expected to make 'major statement' on North Korea at 7 pm ET, Trump says - via @brookefoxnews 
https://t.co/3XXK4U0g2C",0.0,1.0,0.0,0.0
FoxNews,Thu Mar 08 23:02:44 +0000 2018,63,Former Obama aide Kal Penn wants Schumer 'out of office' after pro-Israel speech https://t.co/nkoYgI4gAo,0.0,1.0,0.0,0.0
FoxNews,Thu Mar 08 22:48:25 +0000 2018,64,".@kimguilfoyle: ‚ÄúIt goes, you know, to show you where somebody has this kind of intention, they‚Äôre going to do what‚Ä¶ https://t.co/Jiu0PYho4G",0.0,1.0,0.0,0.0
FoxNews,Thu Mar 08 22:38:19 +0000 2018,65,BREAKING: @POTUS: South Korea to make 'major statement' on North Korea at 7 pm ET https://t.co/EOHLSJstjp,0.0,1.0,0.0,0.0
FoxNews,Thu Mar 08 22:35:11 +0000 2018,66,.@jasoninthehouse: ‚ÄúI think a lot of this comes down to the breakdown of the family. I don‚Äôt think it‚Äôs necessarily‚Ä¶ https://t.co/6hbUl6Z5kA,0.0,1.0,0.0,0.0
FoxNews,Thu Mar 08 22:25:00 +0000 2018,67,.@jasoninthehouse: ‚ÄúWe‚Äôre talking about taking care of ICE officers that are trying to get rid of the criminal elem‚Ä¶ https://t.co/KG91k9Dvw5,-0.0516,0.732,0.138,0.13
FoxNews,Thu Mar 08 22:18:33 +0000 2018,68,.@kfc replaces Colonel Sanders with Claudia Sanders for #InternationalWomensDay https://t.co/SlDCSu0atD,0.0,1.0,0.0,0.0
FoxNews,Thu Mar 08 22:15:50 +0000 2018,69,PA Steelworker Thanks @realDonaldTrump: 'These Tariffs Definitely Have an Impact' https://t.co/ZbGaTiokfU,0.6808,0.616,0.0,0.384
FoxNews,Thu Mar 08 22:07:45 +0000 2018,70,SMILE! These two penguins in Antarctica aren't too cool to pose for selfies. https://t.co/ZdNfbmMKBK,0.3742,0.686,0.112,0.202
FoxNews,Thu Mar 08 22:02:00 +0000 2018,71,".@SecretaryRoss on @realDonaldTrump keeping his campaign promises: ""Anybody who doubts the president's sense of con‚Ä¶ https://t.co/zm2zUBIDSC",0.1027,0.745,0.117,0.138
FoxNews,Thu Mar 08 22:00:01 +0000 2018,72,"Lt. Gen. Jerry Boykin on North Korea: ""I do not believe that Kim is gonna give up his nuclear weapons. He and his f‚Ä¶ https://t.co/ebV97szyhN",-0.4404,0.892,0.108,0.0
FoxNews,Thu Mar 08 21:55:06 +0000 2018,73,"RT @FOXTV: An explosive television event, ‚ÄúO.J. Simpson: The Lost Confession?‚Äù airs Sunday, March 11 at 8/7c on #Fox. https://t.co/wxDffDZU‚Ä¶",-0.3182,0.892,0.108,0.0
FoxNews,Thu Mar 08 21:51:45 +0000 2018,74,".@SecretaryRoss on steel, aluminum tariffs: ""It's just the start of unleashing American industry from the unfair tr‚Ä¶ https://t.co/E9CZbuyEuT",-0.4767,0.846,0.154,0.0
FoxNews,Thu Mar 08 21:48:39 +0000 2018,75,"Moments ago, President @realDonaldTrump signed an order that imposed tariffs on steel and aluminum imports from all‚Ä¶ https://t.co/K7suxdQG21",-0.0772,0.929,0.071,0.0
FoxNews,Thu Mar 08 21:40:00 +0000 2018,76,"""I love my son more than anything in this world...but at the end of the day, I'm responsible for his choices in lif‚Ä¶ https://t.co/98ArYafPFM",0.7579,0.772,0.0,0.228
FoxNews,Thu Mar 08 21:35:00 +0000 2018,77,Man arrested for calling 911 four times to complain about clam chowder https://t.co/SdzeLwYAXO,-0.6808,0.663,0.337,0.0
FoxNews,Thu Mar 08 21:30:00 +0000 2018,78,OPINION: Our obsession with high scores is killing us -- Not everything that can be counted counts https://t.co/gn2TYS8MzX,-0.7783,0.702,0.298,0.0
FoxNews,Thu Mar 08 21:29:29 +0000 2018,79,"Trump signs order imposing tariffs on all imports of steel, aluminum; exempts Mexico, Canada for now - via‚Ä¶ https://t.co/emcNvii3K4",-0.1027,0.924,0.076,0.0
nytimes,Thu Mar 08 23:17:05 +0000 2018,80,"RT @jessicabennett: Since 1851, obituaries in @nytimes have been dominated by white men. Just 20% have been women. 

Today we introduce Ove‚Ä¶",0.0,1.0,0.0,0.0
nytimes,Thu Mar 08 23:02:02 +0000 2018,81,"Disney has turned to one of its favorite filmmakers, Jon Favreau, to produce and write a live-action ‚ÄúStar Wars‚Äù TV‚Ä¶ https://t.co/kVD2k4rE4U",0.4588,0.864,0.0,0.136
nytimes,Thu Mar 08 22:47:06 +0000 2018,82,8 new books recommended by critics and editors at The New York Times https://t.co/BUnJLjEfwA,-0.1027,0.733,0.147,0.12
nytimes,Thu Mar 08 22:32:06 +0000 2018,83,RT @dougmillsnyt: .@realDonaldTrump hands out pens to steel workers after signing an order imposing stiff and sweeping new tariffs on impor‚Ä¶,-0.1027,0.935,0.065,0.0
nytimes,Thu Mar 08 22:25:02 +0000 2018,84,Here‚Äôs Cardi B‚Äôs ‚ÄúBodak Yellow‚Äù and your 3 minutes 44 seconds of frankness in a year of feminist pandering https://t.co/OFTxde8e4U,0.0,1.0,0.0,0.0
nytimes,Thu Mar 08 22:05:05 +0000 2018,85,"‚ÄúI am a pawn caught between the federal and state governments, like a child between 2 fighting parents. Each is thr‚Ä¶ https://t.co/iJYsW8BVXs",0.0,0.773,0.114,0.114
nytimes,Thu Mar 08 21:55:07 +0000 2018,86,"‚ÄúIt‚Äôs more than just racist,‚Äù one activist said. ‚ÄúIt celebrates human subjugation.‚Äù https://t.co/eHZNoiKExV",0.5719,0.764,0.0,0.236
nytimes,Thu Mar 08 21:45:08 +0000 2018,87,Unsubscribing from IRL junk mail is almost as easy as unsubscribing from email spam https://t.co/x9AHYuxw63,0.0314,0.717,0.138,0.145
nytimes,Thu Mar 08 21:35:08 +0000 2018,88,One NYT reader's reaction to a group of U.S. allies signing a broad trade deal that was originally conceived by the‚Ä¶ https://t.co/vuaOELJ0Nw,0.0,1.0,0.0,0.0
nytimes,Thu Mar 08 21:30:26 +0000 2018,89,"RT @DanBilefsky: Here is how my Quebec road trip is shaping up as Canadians share tips, infused with a love of la Belle province -  https:/‚Ä¶",0.7506,0.775,0.0,0.225
nytimes,Thu Mar 08 21:25:07 +0000 2018,90,"With no collective bargaining rights, no contract and no legal right to strike, West Virginia teachers managed to m‚Ä¶ https://t.co/ZGt0V3TPy9",-0.6808,0.61,0.329,0.061
nytimes,Thu Mar 08 21:15:13 +0000 2018,91,"RT @rickgladstone: Some women, impatient over the fight for equality and glacial pace of change, found large and small ways to protest ‚Äî wi‚Ä¶",-0.7003,0.746,0.254,0.0
nytimes,Thu Mar 08 21:05:03 +0000 2018,92,Deceptively simple to make and the payoff is just sublime https://t.co/q3LkEi3CGq,0.0,1.0,0.0,0.0
nytimes,Thu Mar 08 21:02:29 +0000 2018,93,"Breaking News: President Trump signed orders authorizing tariffs on steel and aluminum, sparing Canada and Mexico a‚Ä¶ https://t.co/caCAWB3EJc",0.0,1.0,0.0,0.0
nytimes,Thu Mar 08 20:55:04 +0000 2018,94,"RT @EricNagourney: BREAKING. Charlotte Bront√´, woman who gave the world ‚ÄòJane Eyre,‚Äô has died. In, um, 1855. The NYT's @susandominus and it‚Ä¶",-0.5574,0.854,0.146,0.0
nytimes,Thu Mar 08 20:45:14 +0000 2018,95,"In Opinion

Op-Ed contributors John McCain and Angelina Jolie write, ""Around the world, there is profound concern t‚Ä¶ https://t.co/INrpy9G6vp",0.0,1.0,0.0,0.0
nytimes,Thu Mar 08 20:44:41 +0000 2018,96,RT @amyfiscus: Here are the Facebook messages that a low-level Trump campaign aide in Florida unwittingly sent to Russian trolls https://t.‚Ä¶,0.0,1.0,0.0,0.0
nytimes,Thu Mar 08 20:35:09 +0000 2018,97,"A revamped TPP has been signed by Canada, Japan and 9 other nations. The U.S. had backed out of the sweeping trade‚Ä¶ https://t.co/dlo4ZiiHTA",0.0258,0.948,0.0,0.052
nytimes,Thu Mar 08 20:25:09 +0000 2018,98,From everyone cares and everything matters to no one cares and nothing matters. Here are 25 songs that tell us wher‚Ä¶ https://t.co/WrWO20bfRl,0.6124,0.62,0.08,0.299
nytimes,Thu Mar 08 20:15:14 +0000 2018,99,"RT @peterbakernyt: As aides head for the doors in record numbers, Trump increasingly relies on his own judgment, in effect operating a pres‚Ä¶",0.0,1.0,0.0,0.0
BBCNews,Thu Mar 08 22:37:52 +0000 2018,100,"Friday's Daily Mirror: ""M25 rapist is dead"" 
#tomorrowspaperstoday #bbcpapers
(via@hendopolis)
https://t.co/WrEtG5WOn6",-0.8807,0.495,0.505,0.0
BBCNews,Thu Mar 08 22:36:35 +0000 2018,101,"Friday's The Times: ""Traitors are not safe on British soil says Russia"" #tomorrowspaperstoday 
#bbcpapers
(via@hend‚Ä¶ https://t.co/n4xXnQc2FR",-0.3412,0.862,0.138,0.0
BBCNews,Thu Mar 08 22:36:18 +0000 2018,102,"Friday's The Guardian: ""Ministers set to offer NHS staff 6.5% rise"" #tomorrowspaperstoday #bbcpapers
(via@hendopoli‚Ä¶ https://t.co/NgR2ndpYCM",0.0,1.0,0.0,0.0
BBCNews,Thu Mar 08 22:36:03 +0000 2018,103,"Friday's The Sun: ""Our lad's beating Vlad""
#tomorrowspaperstoday #bbcpapers
(via@hendopolis)
https://t.co/SlvYV4RpEj",-0.4588,0.769,0.231,0.0
BBCNews,Thu Mar 08 22:35:40 +0000 2018,104,"Friday's Daily Telegraph: ""Give blood pressure drugs to half of UK"" #tomorrowspaperstoday #bbcpapers
(via@hendopoli‚Ä¶ https://t.co/MEtwkaGToP",-0.296,0.864,0.136,0.0
BBCNews,Thu Mar 08 20:31:12 +0000 2018,105,"IoD chair accused of racist, sexist, and bullying behaviour https://t.co/CHUQf5E6A0",-0.8779,0.409,0.591,0.0
BBCNews,Thu Mar 08 20:28:10 +0000 2018,106,"RT @BBCSport: Back to winning ways!

Arsenal put their problems to one side at AC Milan tonight.

Report: https://t.co/mccQRitaoZ #UEL http‚Ä¶",0.2481,0.748,0.106,0.145
BBCNews,Thu Mar 08 20:12:33 +0000 2018,107,Knuckle-duster attack woman 'let down by system' https://t.co/N09QbEE601,-0.4767,0.693,0.307,0.0
BBCNews,Thu Mar 08 19:53:19 +0000 2018,108,RT @BBC_HaveYourSay: The NHS is 70 years old this year. We want you to share your memories and stories with us. More details here: https://‚Ä¶,0.3612,0.868,0.0,0.132
BBCNews,Thu Mar 08 19:07:31 +0000 2018,109,UK government to press on with Brexit bill despite no agreement https://t.co/ojS1S6iDNe,-0.1877,0.689,0.181,0.13
BBCNews,Thu Mar 08 18:20:53 +0000 2018,110,KFC in partial return to ex-supplier Bidvest https://t.co/hwAqHmbcTw,0.0,1.0,0.0,0.0
BBCNews,Thu Mar 08 18:05:02 +0000 2018,111,Russian spy: Police name officer injured in attack https://t.co/wWN6SOQnBK,-0.7003,0.547,0.453,0.0
BBCNews,Thu Mar 08 18:03:13 +0000 2018,112,"RT @BBCSport: AC Milan üÜö Arsenal is under way! ‚öΩ

Live: https://t.co/zImCV3VBWi #UEL https://t.co/ofVfqBjrMN",0.0,1.0,0.0,0.0
BBCNews,Thu Mar 08 17:29:30 +0000 2018,113,University exams could be hit by new strike action https://t.co/lPityhiUEJ,-0.128,0.857,0.143,0.0
BBCNews,Thu Mar 08 17:11:29 +0000 2018,114,"RT @BBCSport: Aaron Ramsey is back in the Arsenal team to take on AC Milan tonight.

üìã Team news and live build-up: https://t.co/zImCV3VBWi‚Ä¶",0.0,1.0,0.0,0.0
BBCNews,Thu Mar 08 16:55:54 +0000 2018,115,"Meghan Markle hug a 'dream come true' for girl, 10 https://t.co/IuIYokQQKF",0.7845,0.47,0.0,0.53
BBCNews,Thu Mar 08 16:47:39 +0000 2018,116,"RT @bbc5live: ‚ÄúHe was a gem""

Oscar-winning actress @SusanSarandon tells @AnnaeFoster the late Paul Newman once gave her part of his salary‚Ä¶",0.0,1.0,0.0,0.0
BBCNews,Thu Mar 08 16:45:09 +0000 2018,117,RT @BBCFergusWalsh: Aged 82 but with the immune system of a 20 year old - the hidden benefits of exercise:  https://t.co/md1DyqBKjq https:/‚Ä¶,0.7351,0.744,0.0,0.256
BBCNews,Thu Mar 08 16:40:18 +0000 2018,118,How exercise in old age prevents the immune system from declining https://t.co/4sRKRFpO5Y,0.3612,0.741,0.0,0.259
BBCNews,Thu Mar 08 16:08:54 +0000 2018,119,Optician who claims to treat autism struck off https://t.co/l3fhAJPm1O,0.1779,0.598,0.171,0.231
CBSNews,Thu Mar 08 23:11:30 +0000 2018,120,"In several letters with @steve_dorsey, ""Pharma Bro"" Martin Shrkeli lashed out at the media, discussed his budding f‚Ä¶ https://t.co/KcPRVkSHtC",0.0,1.0,0.0,0.0
CBSNews,Thu Mar 08 22:41:32 +0000 2018,121,"NEW: South Korean national security adviser to make announcement in WH briefing room at 7 p.m. ET, White House officials say.",0.34,0.888,0.0,0.112
CBSNews,Thu Mar 08 22:40:01 +0000 2018,122,One of the best running backs in the 2018 NFL Draft class says a team asked about his sexuality at last week's comb‚Ä¶ https://t.co/y7EtWiNdGb,0.6124,0.795,0.045,0.159
CBSNews,Thu Mar 08 22:20:25 +0000 2018,123,Tom Brady's mop of brunette hair is no more -- the Patriots quarterback chopped it off in the name of cancer resear‚Ä¶ https://t.co/PRKJLjMgdR,-0.765,0.761,0.239,0.0
CBSNews,Thu Mar 08 22:00:02 +0000 2018,124,"""No matter how you slice it, falsity wins out"": On Twitter, false information travels six times faster than the tru‚Ä¶ https://t.co/AMpFR3naC9",0.3818,0.72,0.088,0.192
CBSNews,Thu Mar 08 21:42:45 +0000 2018,125,"She was ""originally only supposed to stay for a few days after her arrival."" But as the ""Fearless Girl"" celebrates‚Ä¶ https://t.co/TpVeJcxXN5",0.4404,0.868,0.0,0.132
CBSNews,Thu Mar 08 21:24:17 +0000 2018,126,Judge recommends President Donald Trump mute rather than block some Twitter followers to resolve a First Amendment‚Ä¶ https://t.co/MrWzI1bL4f,0.1531,0.654,0.136,0.21
CBSNews,Thu Mar 08 21:13:04 +0000 2018,127,"""Even in the proclamation the president just signed a few minutes, there is still uncertainty about which countries‚Ä¶ https://t.co/DhKYdvMc1F",-0.34,0.876,0.124,0.0
CBSNews,Thu Mar 08 21:04:33 +0000 2018,128,WATCH: Pres. Trump signs new tariffs on aluminum and steel imports; 25 percent on steel imports and 10 percent on a‚Ä¶ https://t.co/BBt7WZBwfB,0.0,1.0,0.0,0.0
CBSNews,Thu Mar 08 21:02:28 +0000 2018,129,"""I thank you for the opportunity for what you are doing,"" president of local steelworker union tells Pres. Trump.
""‚Ä¶ https://t.co/sWTkNSFDti",0.6486,0.782,0.0,0.218
CBSNews,Thu Mar 08 20:53:20 +0000 2018,130,"""Due to the unique nature of our relationship with Canada and Mexico, we are negotiating NAFTA -- we are going to h‚Ä¶ https://t.co/l5LeV1z2cz",0.0,1.0,0.0,0.0
CBSNews,Thu Mar 08 20:46:54 +0000 2018,131,"""The actions we are taking today are not a matter of choice, they are a matter of necessity for our security,"" Pres‚Ä¶ https://t.co/1VlwPTd9ir",-0.0382,0.898,0.102,0.0
CBSNews,Thu Mar 08 20:44:44 +0000 2018,132,"""Today, I am defending America's national security, by placing tariffs on foreign imports of steel &amp; aluminum,"" Pre‚Ä¶ https://t.co/7nKXkalnZR",0.34,0.876,0.0,0.124
CBSNews,Thu Mar 08 20:43:23 +0000 2018,133,"Pres. Trump: ""We have to protect and build our steel and aluminum industries, while at the same time showing great‚Ä¶ https://t.co/U79uBUOv6d",0.3818,0.885,0.0,0.115
CBSNews,Thu Mar 08 20:40:32 +0000 2018,134,WATCH LIVE: Pres. Trump to sign new tariffs on aluminum and steel imports at White House https://t.co/0imZ0NeDGE https://t.co/QOmtFLo1nV,0.0,1.0,0.0,0.0
CBSNews,Thu Mar 08 20:26:01 +0000 2018,135,AHEAD: Pres. Trump to sign proclamation on steel and aluminum tariffs at the White House; the tariffs ‚Äî 25 percent‚Ä¶ https://t.co/Matq54eOyc,0.0,1.0,0.0,0.0
CBSNews,Thu Mar 08 20:11:01 +0000 2018,136,President Trump will sign proclamations that will institute a 25 percent tariff on steel and a 10 percent tariff on‚Ä¶ https://t.co/1x53iEhFv1,0.0,1.0,0.0,0.0
CBSNews,Thu Mar 08 19:45:30 +0000 2018,137,"This big cat is getting a CAT scan. No really, this lion is getting a CAT scan so that doctors can help treat his i‚Ä¶ https://t.co/rivVz661b3",0.4939,0.734,0.077,0.189
CBSNews,Thu Mar 08 19:25:29 +0000 2018,138,Head of U.S. Forest Service steps down amid sexual misconduct allegations https://t.co/DmVZWFoHGi https://t.co/ej4QgEqkcG,0.0,1.0,0.0,0.0
CBSNews,Thu Mar 08 19:05:02 +0000 2018,139,The FBI has opened a criminal investigation into a white North Carolina police officer shown on body camera footage‚Ä¶ https://t.co/IgehJqEmtM,-0.5267,0.833,0.167,0.0
CNN,Thu Mar 08 23:16:06 +0000 2018,140,RT @AC360: New clues emerge in Amelia Earhart's mysterious disappearance https://t.co/c8FFPn5lvK https://t.co/2NRkMJoxjS,0.0,1.0,0.0,0.0
CNN,Thu Mar 08 23:11:44 +0000 2018,141,"Russians' ""Hilltendo"" game, released weeks before 2016 election, had 3 levels:

-""Help Hillary delete as many class‚Ä¶ https://t.co/jgt7279BIY",0.0,1.0,0.0,0.0
CNN,Thu Mar 08 23:01:00 +0000 2018,142,"Fake news travels at a markedly faster rate on Twitter than accurate information, a new study finds‚Ä¶ https://t.co/jTut8mES7R",-0.4767,0.829,0.171,0.0
CNN,Thu Mar 08 22:59:50 +0000 2018,143,Republicans are performing at a historic low on the generic congressional ballot | Analysis by Harry Enten‚Ä¶ https://t.co/1cGpVkxeyb,-0.2732,0.877,0.123,0.0
CNN,Thu Mar 08 22:53:58 +0000 2018,144,"""O.J. Simpson: The Lost Confession?"" is a two-hour special cobbled together from material the network opted not to‚Ä¶ https://t.co/TadIuzegj7",0.1027,0.762,0.11,0.129
CNN,Thu Mar 08 22:44:14 +0000 2018,145,"Cindy McCain tweeted to let the public know that her husband, Arizona Republican Sen. John McCain, is ""doing fine""‚Ä¶ https://t.co/x89Hid3v8e",0.0,1.0,0.0,0.0
CNN,Thu Mar 08 22:41:40 +0000 2018,146,"""We have not had a new class of antivirals for 20 years,"" the director of a research authority said during a congre‚Ä¶ https://t.co/4mZsQD3o3p",0.0772,0.936,0.0,0.064
CNN,Thu Mar 08 22:33:03 +0000 2018,147,"With America facing a massive nursing shortage, some hospitals are offering five-figure signing bonuses, free housi‚Ä¶ https://t.co/tyTDsUsOOk",0.7096,0.594,0.091,0.315
CNN,Thu Mar 08 22:33:00 +0000 2018,148,McDonald's is celebrating #InternationalWomensDay by flipping its famous golden arches https://t.co/biYp1YVTaj https://t.co/zxmxcnboZ5,0.5719,0.748,0.0,0.252
CNN,Thu Mar 08 22:24:48 +0000 2018,149,"JUST IN: President Trump tells reporters that South Korea will make a ""major announcement"" concerning North Korea a‚Ä¶ https://t.co/sTJhwnYh9b",0.0,1.0,0.0,0.0
CNN,Thu Mar 08 22:11:01 +0000 2018,150,The IRS says it has $1.1 billion in unclaimed tax refunds for 2014. Now's your last chance to claim it.‚Ä¶ https://t.co/dsyeTUeNmZ,0.25,0.909,0.0,0.091
CNN,Thu Mar 08 22:08:10 +0000 2018,151,"RT @TheLeadCNN: More than 100 GOP members of Congress wrote Trump on Wednesday urging him to ""reconsider the idea of broad tariffs to avoid‚Ä¶",0.0,1.0,0.0,0.0
CNN,Thu Mar 08 22:04:57 +0000 2018,152,"When NASA's Parker Solar Probe travels into the sun's atmosphere, you can ride along. Well, your name can.‚Ä¶ https://t.co/XqFJGw25fo",0.2732,0.896,0.0,0.104
CNN,Thu Mar 08 22:01:20 +0000 2018,153,A senior adviser at HUD spread a false conspiracy theory that claimed Hillary Clinton's 2016 presidential campaign‚Ä¶ https://t.co/sKaKkCuZXu,-0.5267,0.815,0.185,0.0
CNN,Thu Mar 08 22:00:47 +0000 2018,154,"Why block a user when the mute button could do?

That is one of the questions posed in a lawsuit alleging that Pres‚Ä¶ https://t.co/YPNMw3wWoc",-0.5859,0.806,0.194,0.0
CNN,Thu Mar 08 21:55:24 +0000 2018,155,"""President Trump might be facing a period of stormy news coverage over allegations he paid to cover up an affair wi‚Ä¶ https://t.co/9ewX30Rcr1",0.0,1.0,0.0,0.0
CNN,Thu Mar 08 21:53:33 +0000 2018,156,Sen. Jeff Flake threatens to introduce legislation to nullify President Trump's tariffs https://t.co/bWttC10UQt https://t.co/r6rHfLiP6i,-0.3818,0.833,0.167,0.0
CNN,Thu Mar 08 21:51:50 +0000 2018,157,"Tesla CEO Elon Musk wants his electric car company to be competitive in China, and he's asking for US President Tru‚Ä¶ https://t.co/xn4FmAZvMp",0.1779,0.925,0.0,0.075
CNN,Thu Mar 08 21:50:32 +0000 2018,158,PlayStation 4's latest update gives parents the ability to restrict how long a child uses the system‚Ä¶ https://t.co/OW3V6neOEb,-0.0772,0.754,0.131,0.116
CNN,Thu Mar 08 21:44:08 +0000 2018,159,"Trump's tariff plan has spooked markets, prompted his chief economist's resignation, rattled major US allies and wi‚Ä¶ https://t.co/3RqTOD1kMP",-0.296,0.885,0.115,0.0
FoxNews,Thu Mar 08 23:10:59 +0000 2018,160,"Criminals can easily hack into your web browser, report says https://t.co/BR0nqckSDK",-0.3182,0.596,0.245,0.159
FoxNews,Thu Mar 08 23:08:31 +0000 2018,161,"President @realDonaldTrump announces ""major statement"" about North Korea from South Korean officials.‚Ä¶ https://t.co/8voQnCkqa6",0.0,1.0,0.0,0.0
FoxNews,Thu Mar 08 23:03:36 +0000 2018,162,"South Korea expected to make 'major statement' on North Korea at 7 pm ET, Trump says - via @brookefoxnews 
https://t.co/3XXK4U0g2C",0.0,1.0,0.0,0.0
FoxNews,Thu Mar 08 23:02:44 +0000 2018,163,Former Obama aide Kal Penn wants Schumer 'out of office' after pro-Israel speech https://t.co/nkoYgI4gAo,0.0,1.0,0.0,0.0
FoxNews,Thu Mar 08 22:48:25 +0000 2018,164,".@kimguilfoyle: ‚ÄúIt goes, you know, to show you where somebody has this kind of intention, they‚Äôre going to do what‚Ä¶ https://t.co/Jiu0PYho4G",0.0,1.0,0.0,0.0
FoxNews,Thu Mar 08 22:38:19 +0000 2018,165,BREAKING: @POTUS: South Korea to make 'major statement' on North Korea at 7 pm ET https://t.co/EOHLSJstjp,0.0,1.0,0.0,0.0
FoxNews,Thu Mar 08 22:35:11 +0000 2018,166,.@jasoninthehouse: ‚ÄúI think a lot of this comes down to the breakdown of the family. I don‚Äôt think it‚Äôs necessarily‚Ä¶ https://t.co/6hbUl6Z5kA,0.0,1.0,0.0,0.0
FoxNews,Thu Mar 08 22:25:00 +0000 2018,167,.@jasoninthehouse: ‚ÄúWe‚Äôre talking about taking care of ICE officers that are trying to get rid of the criminal elem‚Ä¶ https://t.co/KG91k9Dvw5,-0.0516,0.732,0.138,0.13
FoxNews,Thu Mar 08 22:18:33 +0000 2018,168,.@kfc replaces Colonel Sanders with Claudia Sanders for #InternationalWomensDay https://t.co/SlDCSu0atD,0.0,1.0,0.0,0.0
FoxNews,Thu Mar 08 22:15:50 +0000 2018,169,PA Steelworker Thanks @realDonaldTrump: 'These Tariffs Definitely Have an Impact' https://t.co/ZbGaTiokfU,0.6808,0.616,0.0,0.384
FoxNews,Thu Mar 08 22:07:45 +0000 2018,170,SMILE! These two penguins in Antarctica aren't too cool to pose for selfies. https://t.co/ZdNfbmMKBK,0.3742,0.686,0.112,0.202
FoxNews,Thu Mar 08 22:02:00 +0000 2018,171,".@SecretaryRoss on @realDonaldTrump keeping his campaign promises: ""Anybody who doubts the president's sense of con‚Ä¶ https://t.co/zm2zUBIDSC",0.1027,0.745,0.117,0.138
FoxNews,Thu Mar 08 22:00:01 +0000 2018,172,"Lt. Gen. Jerry Boykin on North Korea: ""I do not believe that Kim is gonna give up his nuclear weapons. He and his f‚Ä¶ https://t.co/ebV97szyhN",-0.4404,0.892,0.108,0.0
FoxNews,Thu Mar 08 21:55:06 +0000 2018,173,"RT @FOXTV: An explosive television event, ‚ÄúO.J. Simpson: The Lost Confession?‚Äù airs Sunday, March 11 at 8/7c on #Fox. https://t.co/wxDffDZU‚Ä¶",-0.3182,0.892,0.108,0.0
FoxNews,Thu Mar 08 21:51:45 +0000 2018,174,".@SecretaryRoss on steel, aluminum tariffs: ""It's just the start of unleashing American industry from the unfair tr‚Ä¶ https://t.co/E9CZbuyEuT",-0.4767,0.846,0.154,0.0
FoxNews,Thu Mar 08 21:48:39 +0000 2018,175,"Moments ago, President @realDonaldTrump signed an order that imposed tariffs on steel and aluminum imports from all‚Ä¶ https://t.co/K7suxdQG21",-0.0772,0.929,0.071,0.0
FoxNews,Thu Mar 08 21:40:00 +0000 2018,176,"""I love my son more than anything in this world...but at the end of the day, I'm responsible for his choices in lif‚Ä¶ https://t.co/98ArYafPFM",0.7579,0.772,0.0,0.228
FoxNews,Thu Mar 08 21:35:00 +0000 2018,177,Man arrested for calling 911 four times to complain about clam chowder https://t.co/SdzeLwYAXO,-0.6808,0.663,0.337,0.0
FoxNews,Thu Mar 08 21:30:00 +0000 2018,178,OPINION: Our obsession with high scores is killing us -- Not everything that can be counted counts https://t.co/gn2TYS8MzX,-0.7783,0.702,0.298,0.0
FoxNews,Thu Mar 08 21:29:29 +0000 2018,179,"Trump signs order imposing tariffs on all imports of steel, aluminum; exempts Mexico, Canada for now - via‚Ä¶ https://t.co/emcNvii3K4",-0.1027,0.924,0.076,0.0
nytimes,Thu Mar 08 23:17:05 +0000 2018,180,"RT @jessicabennett: Since 1851, obituaries in @nytimes have been dominated by white men. Just 20% have been women. 

Today we introduce Ove‚Ä¶",0.0,1.0,0.0,0.0
nytimes,Thu Mar 08 23:02:02 +0000 2018,181,"Disney has turned to one of its favorite filmmakers, Jon Favreau, to produce and write a live-action ‚ÄúStar Wars‚Äù TV‚Ä¶ https://t.co/kVD2k4rE4U",0.4588,0.864,0.0,0.136
nytimes,Thu Mar 08 22:47:06 +0000 2018,182,8 new books recommended by critics and editors at The New York Times https://t.co/BUnJLjEfwA,-0.1027,0.733,0.147,0.12
nytimes,Thu Mar 08 22:32:06 +0000 2018,183,RT @dougmillsnyt: .@realDonaldTrump hands out pens to steel workers after signing an order imposing stiff and sweeping new tariffs on impor‚Ä¶,-0.1027,0.935,0.065,0.0
nytimes,Thu Mar 08 22:25:02 +0000 2018,184,Here‚Äôs Cardi B‚Äôs ‚ÄúBodak Yellow‚Äù and your 3 minutes 44 seconds of frankness in a year of feminist pandering https://t.co/OFTxde8e4U,0.0,1.0,0.0,0.0
nytimes,Thu Mar 08 22:05:05 +0000 2018,185,"‚ÄúI am a pawn caught between the federal and state governments, like a child between 2 fighting parents. Each is thr‚Ä¶ https://t.co/iJYsW8BVXs",0.0,0.773,0.114,0.114
nytimes,Thu Mar 08 21:55:07 +0000 2018,186,"‚ÄúIt‚Äôs more than just racist,‚Äù one activist said. ‚ÄúIt celebrates human subjugation.‚Äù https://t.co/eHZNoiKExV",0.5719,0.764,0.0,0.236
nytimes,Thu Mar 08 21:45:08 +0000 2018,187,Unsubscribing from IRL junk mail is almost as easy as unsubscribing from email spam https://t.co/x9AHYuxw63,0.0314,0.717,0.138,0.145
nytimes,Thu Mar 08 21:35:08 +0000 2018,188,One NYT reader's reaction to a group of U.S. allies signing a broad trade deal that was originally conceived by the‚Ä¶ https://t.co/vuaOELJ0Nw,0.0,1.0,0.0,0.0
nytimes,Thu Mar 08 21:30:26 +0000 2018,189,"RT @DanBilefsky: Here is how my Quebec road trip is shaping up as Canadians share tips, infused with a love of la Belle province -  https:/‚Ä¶",0.7506,0.775,0.0,0.225
nytimes,Thu Mar 08 21:25:07 +0000 2018,190,"With no collective bargaining rights, no contract and no legal right to strike, West Virginia teachers managed to m‚Ä¶ https://t.co/ZGt0V3TPy9",-0.6808,0.61,0.329,0.061
nytimes,Thu Mar 08 21:15:13 +0000 2018,191,"RT @rickgladstone: Some women, impatient over the fight for equality and glacial pace of change, found large and small ways to protest ‚Äî wi‚Ä¶",-0.7003,0.746,0.254,0.0
nytimes,Thu Mar 08 21:05:03 +0000 2018,192,Deceptively simple to make and the payoff is just sublime https://t.co/q3LkEi3CGq,0.0,1.0,0.0,0.0
nytimes,Thu Mar 08 21:02:29 +0000 2018,193,"Breaking News: President Trump signed orders authorizing tariffs on steel and aluminum, sparing Canada and Mexico a‚Ä¶ https://t.co/caCAWB3EJc",0.0,1.0,0.0,0.0
nytimes,Thu Mar 08 20:55:04 +0000 2018,194,"RT @EricNagourney: BREAKING. Charlotte Bront√´, woman who gave the world ‚ÄòJane Eyre,‚Äô has died. In, um, 1855. The NYT's @susandominus and it‚Ä¶",-0.5574,0.854,0.146,0.0
nytimes,Thu Mar 08 20:45:14 +0000 2018,195,"In Opinion

Op-Ed contributors John McCain and Angelina Jolie write, ""Around the world, there is profound concern t‚Ä¶ https://t.co/INrpy9G6vp",0.0,1.0,0.0,0.0
nytimes,Thu Mar 08 20:44:41 +0000 2018,196,RT @amyfiscus: Here are the Facebook messages that a low-level Trump campaign aide in Florida unwittingly sent to Russian trolls https://t.‚Ä¶,0.0,1.0,0.0,0.0
nytimes,Thu Mar 08 20:35:09 +0000 2018,197,"A revamped TPP has been signed by Canada, Japan and 9 other nations. The U.S. had backed out of the sweeping trade‚Ä¶ https://t.co/dlo4ZiiHTA",0.0258,0.948,0.0,0.052
nytimes,Thu Mar 08 20:25:09 +0000 2018,198,From everyone cares and everything matters to no one cares and nothing matters. Here are 25 songs that tell us wher‚Ä¶ https://t.co/WrWO20bfRl,0.6124,0.62,0.08,0.299
nytimes,Thu Mar 08 20:15:14 +0000 2018,199,"RT @peterbakernyt: As aides head for the doors in record numbers, Trump increasingly relies on his own judgment, in effect operating a pres‚Ä¶",0.0,1.0,0.0,0.0
BBCNews,Thu Mar 08 15:57:11 +0000 2018,200,"Drive carefully üöó

Freezing temperatures 'will cause more potholes' - RAC says

https://t.co/srg9Mqt8V4 https://t.co/DP1KLze9JS",0.0258,0.775,0.109,0.116
BBCNews,Thu Mar 08 15:26:24 +0000 2018,201,"RT @bbc5live: Hollywood actress Susan Sarandon has revealed that the late Paul Newman once gave her part of his salary.

#IWD2018 #Internat‚Ä¶",0.0,1.0,0.0,0.0
BBCNews,Thu Mar 08 15:24:30 +0000 2018,202,RT @BBCWorld: Voting for Vladimir - three Russians give their views on Putin https://t.co/vIbTp2D19y,0.0,1.0,0.0,0.0
BBCNews,Thu Mar 08 14:48:41 +0000 2018,203,"RT @BBC_HaveYourSay: ""I used to love the snow, but now I don't want to see it ever, ever again.""

https://t.co/KkM0ioD5ZP",0.3109,0.812,0.064,0.124
BBCNews,Thu Mar 08 14:43:52 +0000 2018,204,"RT @bbc5live: ‚ÄúIt‚Äôs a complete privilege to be surrounded by women like that‚Äù

On #InternationalWomensDay @StaceyDooley talks about being i‚Ä¶",0.6124,0.773,0.0,0.227
BBCNews,Thu Mar 08 14:38:22 +0000 2018,205,RT @BBCBusiness: Is it still appropriate to use models to sell cars? We asked women at the Geneva International Motor Show what they though‚Ä¶,0.0,1.0,0.0,0.0
BBCNews,Thu Mar 08 14:28:49 +0000 2018,206,"Perhaps wisely, organisers have booked the brothers to play on different days... at different ends of the UK

https://t.co/XjXZYS6v4D",0.6369,0.766,0.0,0.234
BBCNews,Thu Mar 08 14:23:58 +0000 2018,207,Suzanne Pilley murder: 'She was discarded and it is unbearable' https://t.co/0gZswXrpwO,-0.7964,0.559,0.441,0.0
BBCNews,Thu Mar 08 14:00:45 +0000 2018,208,M1 crash trucker's firm 'unaware' his licence was revoked https://t.co/wlx0VpZWVJ,-0.4019,0.769,0.231,0.0
BBCNews,Thu Mar 08 13:55:18 +0000 2018,209,"RT @BBCSport: North and South Korea marched together under the same flag at the Winter Olympics‚Ä¶ but not this time‚Ä¶

Full story: https://t.‚Ä¶",0.0,1.0,0.0,0.0
BBCNews,Thu Mar 08 13:53:44 +0000 2018,210,"RT @BBC_HaveYourSay: McDonald‚Äôs flip arches as well as burgers to mark #IWD2018 but some people are calling it ‚ÄòMcFeminism‚Äô üçî‚ôÄÔ∏è

https://t.‚Ä¶",0.1406,0.928,0.0,0.072
BBCNews,Thu Mar 08 13:49:20 +0000 2018,211,"""If I want anyone to take anything away from the show it's that suicide is not the answer.""

What drove Milly Thoma‚Ä¶ https://t.co/ldu38Sl4dQ",-0.6369,0.775,0.174,0.05
BBCNews,Thu Mar 08 13:24:39 +0000 2018,212,"RT @bbc5live: ‚ÄúThat was the end of my childhood‚Äù

Money saving expert @MartinSLewis opens up to @tonylivesey about the death of his mum, th‚Ä¶",-0.5994,0.855,0.145,0.0
BBCNews,Thu Mar 08 12:45:09 +0000 2018,213,Parsons Green: Jurors shown moment fireball engulfs Tube https://t.co/IpqUSDNaA3,0.0,1.0,0.0,0.0
BBCNews,Thu Mar 08 12:39:01 +0000 2018,214,Patients 'left in pain' by surgery delays https://t.co/Nn6JmvPph6,-0.5106,0.68,0.32,0.0
BBCNews,Thu Mar 08 12:18:11 +0000 2018,215,"Girl, 11, dies after being struck by loose wheel in Manby https://t.co/3I6TMAodW6",-0.5106,0.699,0.301,0.0
BBCNews,Thu Mar 08 11:54:14 +0000 2018,216,"""This was attempted murder in the most cruel and public way"" - home secretary Amber Rudd updates MP's on attempted‚Ä¶ https://t.co/xhBcrSv2nN",-0.8687,0.672,0.328,0.0
BBCNews,Thu Mar 08 11:44:15 +0000 2018,217,"""Both remain unconscious and in a critical but stable condition"" - home secretary Amber Rudd updates MP's on attemp‚Ä¶ https://t.co/vPWdeKyseD",0.2846,0.782,0.081,0.137
BBCNews,Thu Mar 08 11:43:09 +0000 2018,218,Freezing temperatures 'will cause more potholes' https://t.co/Ciy4wBIDlo,-0.1027,0.811,0.189,0.0
BBCNews,Thu Mar 08 10:54:00 +0000 2018,219,Sea Life Centre animal death rates 'disturbing' https://t.co/9cosTadVp5,-0.5994,0.642,0.358,0.0
CBSNews,Thu Mar 08 18:50:01 +0000 2018,220,"Yes, some people's Amazon Alexa's are suddenly letting out evil laughs for no reason https://t.co/iALfFFIjvy https://t.co/Wp7qs4Utzh",0.0,0.437,0.262,0.302
CBSNews,Thu Mar 08 18:35:30 +0000 2018,221,"A bill for a ""Trump Highway"" in Utah has been dropped by the Republican lawmaker who proposed it after receiving wh‚Ä¶ https://t.co/LTMdqxxXjp",0.0,1.0,0.0,0.0
CBSNews,Thu Mar 08 18:13:32 +0000 2018,222,Man arrested after Amber Alert leads to discovery of child's body: https://t.co/UFcH459e9I https://t.co/OlDweS79G4,-0.2263,0.675,0.19,0.135
CBSNews,Thu Mar 08 17:57:01 +0000 2018,223,"In an embarrassing case of mistaken identity, many Americans appear to be confusing the National Rifle Association‚Ä¶ https://t.co/7Xbj7NbySy",-0.7184,0.682,0.318,0.0
CBSNews,Thu Mar 08 17:40:01 +0000 2018,224,"Hope Hicks told lawmakers one of her email accounts had been hacked, source confirms to CBS News:‚Ä¶ https://t.co/Hphq0Z96ih",0.0516,0.741,0.125,0.134
CBSNews,Thu Mar 08 17:25:01 +0000 2018,225,Student killed in an apparent gun accident at an Alabama high school has been identified; person of interest in cus‚Ä¶ https://t.co/um2B5jDeE7,-0.7906,0.567,0.333,0.1
CBSNews,Thu Mar 08 17:10:01 +0000 2018,226,"Women across Europe and Asia are shouting their demands for equality, respect and empowerment to mark‚Ä¶ https://t.co/fvrjfIuIIF",0.4767,0.838,0.0,0.162
CBSNews,Thu Mar 08 17:05:10 +0000 2018,227,"""If we reach a deal, it is most likely that we won't be charging [Mexico and Canada] those tariffs,"" President Trum‚Ä¶ https://t.co/YNCOZxYMKv",0.0258,0.948,0.0,0.052
CBSNews,Thu Mar 08 17:01:51 +0000 2018,228,"President Trump jokes during chief economic adviser Gary Cohn's last Cabinet meeting: ""I have a feeling you will be‚Ä¶ https://t.co/lyGnRCVqYY",0.3612,0.829,0.0,0.171
CBSNews,Thu Mar 08 16:56:54 +0000 2018,229,"President Trump addresses federal immigration lawsuit: ""They want the money, they should give up on the sanctuary c‚Ä¶ https://t.co/Vq0mXwjP9m",-0.1531,0.842,0.094,0.064
CBSNews,Thu Mar 08 16:48:28 +0000 2018,230,MOMENTS AGO: President Trump holds a Cabinet meeting amid questions about his tariff plan https://t.co/c3XN5mQH5k https://t.co/V8VRCbOqYy,0.0,1.0,0.0,0.0
CBSNews,Thu Mar 08 16:40:01 +0000 2018,231,"Babies being raised by single mothers may benefit from looking like their fathers, a new study suggests:‚Ä¶ https://t.co/E8NnUy02Vn",0.6705,0.732,0.0,0.268
CBSNews,Thu Mar 08 16:23:32 +0000 2018,232,"""Let me just say that I am more concerned about the president's policies, which undermine the financial security of‚Ä¶ https://t.co/S3QeeaRskV",0.0516,0.787,0.102,0.111
CBSNews,Thu Mar 08 16:17:40 +0000 2018,233,WATCH LIVE: Rep. Nancy Pelosi takes questions from reporters ahead of President Trump's reported meeting on tariffs‚Ä¶ https://t.co/vKUDzSL4gW,0.0,1.0,0.0,0.0
CBSNews,Thu Mar 08 16:15:01 +0000 2018,234,The NBA is reviewing 2011 allegations of sexual assault against Dallas Mavericks owner Mark Cuban:‚Ä¶ https://t.co/P9veQPGeGg,-0.5859,0.798,0.202,0.0
CBSNews,Thu Mar 08 16:02:01 +0000 2018,235,President Trump plans to meet with video game industry representatives on Thursday as he considers responses to gun‚Ä¶ https://t.co/3lTi8Vj8EM,0.0,1.0,0.0,0.0
CBSNews,Thu Mar 08 15:45:31 +0000 2018,236,"""There's a good chance I get murdered tonight,"" one Twitter user wrote after his Alexa let out an unprovoked, eerie‚Ä¶ https://t.co/64rbNb301O",-0.128,0.632,0.174,0.194
CBSNews,Thu Mar 08 15:33:41 +0000 2018,237,"RT @CBSThisMorning: ""There were always barriers and glass ceilings... and iron doors to get through,"" in honor of #InternationalWomensDay,‚Ä¶",0.4939,0.849,0.0,0.151
CBSNews,Thu Mar 08 15:32:51 +0000 2018,238,"RT @CBSEveningNews: Curious Emperor penguins were captured in Antarctica getting up close &amp; personal on film 

Australian Antarctic expedit‚Ä¶",0.3182,0.887,0.0,0.113
CBSNews,Thu Mar 08 15:30:01 +0000 2018,239,"""We are a long ways from negotiations"" with North Korea, Secretary of State Rex Tillerson says:‚Ä¶ https://t.co/MGoFT9GtVx",0.0,1.0,0.0,0.0
CNN,Thu Mar 08 21:39:52 +0000 2018,240,"RT @CNNnewsroom: ""The city of Parkland, nobody knew where that was...now the world knows where Parkland is: it's on the list of Columbine,‚Ä¶",0.0,1.0,0.0,0.0
CNN,Thu Mar 08 21:29:00 +0000 2018,241,Democrats say a Uranium One whistleblower provided Congress with no evidence of wrongdoing involving Hillary Clinto‚Ä¶ https://t.co/jBXSUJ5AyX,-0.296,0.872,0.128,0.0
CNN,Thu Mar 08 21:28:27 +0000 2018,242,"President Trump spoke with nostalgia at today's tariff announcement, describing the steel industry as he knew it as‚Ä¶ https://t.co/RU6nlbmtwr",0.0,1.0,0.0,0.0
CNN,Thu Mar 08 21:25:02 +0000 2018,243,RT @TheLeadCNN: President Trump is upset with White House press secretary Sarah Sanders over her responses regarding his alleged affair wit‚Ä¶,-0.3818,0.885,0.115,0.0
CNN,Thu Mar 08 21:22:09 +0000 2018,244,"President Trump on his tariff plan: ""American companies have not been treated fairly, and some American companies f‚Ä¶ https://t.co/iSKmDP6QQD",0.0,1.0,0.0,0.0
CNN,Thu Mar 08 21:11:53 +0000 2018,245,President Trump on tariff plan: ‚ÄúThe workers who poured their souls into building this great nation were betrayed.‚Ä¶ https://t.co/BKkZwaE3Qx,0.7073,0.787,0.0,0.213
CNN,Thu Mar 08 21:10:31 +0000 2018,246,RT @CNNMoney: Dow closes up 94 points after Trump unveils steel and aluminum tariffs with some exemptions. U.S. Steel falls 3%.  https://t.‚Ä¶,0.0,1.0,0.0,0.0
CNN,Thu Mar 08 21:09:04 +0000 2018,247,"President Trump on NAFTA: ‚ÄúWe either make a deal or we terminate. And if we do, there won‚Äôt be any tariffs on Canad‚Ä¶ https://t.co/uzvHjesQ6E",0.0,1.0,0.0,0.0
CNN,Thu Mar 08 21:03:55 +0000 2018,248,"President Trump: ""Our factories were left to rot and to rust all over the place. Thriving communities turned into g‚Ä¶ https://t.co/qct0zY4gRu",0.0,1.0,0.0,0.0
CNN,Thu Mar 08 20:55:43 +0000 2018,249,President Trump: ‚ÄúThe American steel aluminum industry has been ravaged by aggressive foreign trade practices. It‚Äôs‚Ä¶ https://t.co/E3yq1tU3bP,-0.1531,0.909,0.091,0.0
CNN,Thu Mar 08 20:50:56 +0000 2018,250,"President Trump: ""Today I'm defending America's national security by placing tariffs on foreign imports of steel an‚Ä¶ https://t.co/XH22ESdPSU",0.34,0.876,0.0,0.124
CNN,Thu Mar 08 20:38:12 +0000 2018,251,President Trump is about to impose new tariffs on steel and aluminum imports. Follow live updates:‚Ä¶ https://t.co/o4VDiUWujN,-0.296,0.879,0.121,0.0
CNN,Thu Mar 08 20:25:13 +0000 2018,252,The Cranberries will be releasing a final album made with Dolores O'Riordan https://t.co/z8rKgNyCmy https://t.co/tPkkmZplLe,0.0,1.0,0.0,0.0
CNN,Thu Mar 08 20:20:38 +0000 2018,253,"Russians released an anti-Clinton video game called ""Hilltendo"" weeks before the 2016 US presidential election. It‚Ä¶ https://t.co/tTFHTqxF42",0.0,1.0,0.0,0.0
CNN,Thu Mar 08 20:03:33 +0000 2018,254,Former Trump campaign chairman Paul Manafort has entered a plea of not guilty to charges of bank fraud and tax crim‚Ä¶ https://t.co/myDFUQIvIw,-0.1665,0.694,0.146,0.16
CNN,Thu Mar 08 20:01:36 +0000 2018,255,Bernie Sanders is spending a lot of time in Trump country. Here's why. | Analysis by CNN's Gregory Krieg and Sam Pe‚Ä¶ https://t.co/GFkPrBfWvm,0.0,1.0,0.0,0.0
CNN,Thu Mar 08 19:53:17 +0000 2018,256,"A salmonella outbreak linked to chicken salad has sickened another 105 people, bringing the total to 170 in seven s‚Ä¶ https://t.co/SWH9Q0tsYr",-0.5423,0.844,0.156,0.0
CNN,Thu Mar 08 19:42:07 +0000 2018,257,"In a trade war over steel, US farmers could be collateral damage https://t.co/tChleqd7qi https://t.co/EotEUo9LN1",-0.7964,0.608,0.392,0.0
CNN,Thu Mar 08 19:37:55 +0000 2018,258,"Russian internet trolls created an anti-Hillary Clinton video game called ""Hilltendo"" and tried to make it go viral‚Ä¶ https://t.co/De3h9kjvKx",0.25,0.9,0.0,0.1
CNN,Thu Mar 08 19:31:33 +0000 2018,259,Bones found on a remote Pacific island almost eight decades ago likely are those of pioneering pilot Amelia Earhart‚Ä¶ https://t.co/Ae3YEwSVSJ,0.0,1.0,0.0,0.0
FoxNews,Thu Mar 08 21:25:00 +0000 2018,260,Wild @goodyear tires grow and breathe https://t.co/eCRV1X6rH8,0.0,1.0,0.0,0.0
FoxNews,Thu Mar 08 21:20:00 +0000 2018,261,North Korea and Kim Jong Un: Meet the known key players in the regime https://t.co/3DgW5EDL13,0.0,1.0,0.0,0.0
FoxNews,Thu Mar 08 21:17:13 +0000 2018,262,BREAKING: @POTUS signs order that imposes tariffs on steel and aluminum imports from all foreign countries.‚Ä¶ https://t.co/FH6PUQCypW,-0.1027,0.92,0.08,0.0
FoxNews,Thu Mar 08 21:17:00 +0000 2018,263,The @Volkswagen Beetle will soon be squashed https://t.co/FSh8BCb7XN,0.0,1.0,0.0,0.0
FoxNews,Thu Mar 08 21:12:20 +0000 2018,264,Stocks gain as trade war fears ease. @TeamCavuto https://t.co/3GtCbGLWTZ,-0.2023,0.284,0.381,0.335
FoxNews,Thu Mar 08 21:12:00 +0000 2018,265,.@realDonaldTrump and the Russia investigation: What to know https://t.co/RfuNVtQP0p,0.0,1.0,0.0,0.0
FoxNews,Thu Mar 08 21:07:58 +0000 2018,266,.@SebGorka Targets Tech Companies: How About Censoring Jihadis Instead of Conservatives? https://t.co/sh78a4Y5FV,0.0,1.0,0.0,0.0
FoxNews,Thu Mar 08 21:00:24 +0000 2018,267,".@POTUS: ""American companies have not been treated fairly, and some American companies frankly have taken advantage‚Ä¶ https://t.co/vz0yTorQU9",0.0,1.0,0.0,0.0
FoxNews,Thu Mar 08 20:57:38 +0000 2018,268,".@POTUS: ""I have a feeling we're going to make a deal on NAFTA...and if we do, there won't be any tariffs on Canada‚Ä¶ https://t.co/ls96n5KbzA",0.128,0.933,0.0,0.067
FoxNews,Thu Mar 08 20:54:57 +0000 2018,269,".@POTUS: ""The workers who poured their souls into building this great nation were betrayed. But that betrayal is no‚Ä¶ https://t.co/lismfax3bN",-0.4451,0.573,0.263,0.164
FoxNews,Thu Mar 08 20:52:25 +0000 2018,270,".@POTUS: ""The actions that were taken today were not a matter of choice, they're a matter of necessity for our secu‚Ä¶ https://t.co/xGb5ltgDhl",-0.0382,0.893,0.107,0.0
FoxNews,Thu Mar 08 20:50:22 +0000 2018,271,".@POTUS: ""The American steel and aluminum industry has been ravaged by aggressive foreign trade practices. It's rea‚Ä¶ https://t.co/pmxIb5H4Gf",-0.1531,0.914,0.086,0.0
FoxNews,Thu Mar 08 20:50:00 +0000 2018,272,President @realDonaldTrump celebrated #InternationalWomensDay by touting positive economic news for the women in Am‚Ä¶ https://t.co/jPjs5rJ8Tq,0.765,0.571,0.081,0.348
FoxNews,Thu Mar 08 20:48:53 +0000 2018,273,".@POTUS: ""There's no tax if the product is made in the USA. You don't want to pay tax? Bring your plant to the USA."" https://t.co/VOBu0DA4vE",-0.2792,0.823,0.128,0.049
FoxNews,Thu Mar 08 20:47:27 +0000 2018,274,".@POTUS: ""Today I'm defending America's national security by placing tariffs on foreign imports of steel and alumin‚Ä¶ https://t.co/SzIRDYkqjO",0.34,0.876,0.0,0.124
FoxNews,Thu Mar 08 20:45:44 +0000 2018,275,".@POTUS: ""We have to protect and build our steel and aluminum industries, while at the same time showing great flex‚Ä¶ https://t.co/JQysN1NTci",0.7717,0.739,0.0,0.261
FoxNews,Thu Mar 08 20:44:06 +0000 2018,276,".@POTUS: ""Steel is steel. If you don't have steel, you don't have a country."" https://t.co/xtX2zZPWx9",0.0,1.0,0.0,0.0
FoxNews,Thu Mar 08 20:43:48 +0000 2018,277,".@POTUS: ""A strong steel and aluminum industry are vital to our national security."" https://t.co/PhoK2i3TxD",0.6705,0.686,0.0,0.314
FoxNews,Thu Mar 08 20:42:28 +0000 2018,278,".@POTUS: ""I am honored to be here with our incredible steel and aluminum workers, and you are truly the backbone of‚Ä¶ https://t.co/2uaWFN00BO",0.7717,0.749,0.0,0.251
FoxNews,Thu Mar 08 20:39:41 +0000 2018,279,".@SpeakerRyan on GA lawmakers nixing tax break for Delta amid NRA position: ""I do think in this entire debate on bo‚Ä¶ https://t.co/khJfLBwuoF",0.0,1.0,0.0,0.0
nytimes,Thu Mar 08 20:05:07 +0000 2018,280,"‚ÄúIt‚Äôs sort of disheartening at first to realize how much we humans are responsible,"" one MIT researcher said of fal‚Ä¶ https://t.co/Is8MHKlM3C",-0.4754,0.866,0.134,0.0
nytimes,Thu Mar 08 20:02:56 +0000 2018,281,"In this commercial, see how The New York Times shines a light on women‚Äôs rights around the world‚Ä¶ https://t.co/IYXFimC3RY",0.0,1.0,0.0,0.0
nytimes,Thu Mar 08 19:55:06 +0000 2018,282,"The sickle cell mutation arose 7,300 years ago in just one person in West Africa, scientists say. Its purpose: a sh‚Ä¶ https://t.co/uvwLqD4yiI",0.0,1.0,0.0,0.0
nytimes,Thu Mar 08 19:45:06 +0000 2018,283,"Despite ominous rumblings, a trade war is not inevitable. Here's why. https://t.co/VTWS84K9GR",-0.743,0.588,0.412,0.0
nytimes,Thu Mar 08 19:35:03 +0000 2018,284,RT @TomJolly: A unique @nytimes special section coming Sunday devoted to  remarkable women who were overlooked in our obituaries - until no‚Ä¶,0.836,0.613,0.042,0.345
nytimes,Thu Mar 08 19:25:06 +0000 2018,285,"Michael B. Jordan says his company will adopt inclusion riders, the diversity effort championed by Frances McDorman‚Ä¶ https://t.co/TWUvNJcIqX",0.4404,0.804,0.0,0.196
nytimes,Thu Mar 08 19:15:11 +0000 2018,286,RT @nytvideo: Today is International Women's Day. These are our best videos about women around the world: https://t.co/qcOdXNPcrh,0.6369,0.802,0.0,0.198
nytimes,Thu Mar 08 19:05:51 +0000 2018,287,"Here‚Äôs how @bxchen rated the Galaxy S9‚Äôs new features, using a series of AR Emoji https://t.co/UtoqDZpYSt https://t.co/Td3HZnYFsh",0.0,1.0,0.0,0.0
nytimes,Thu Mar 08 18:55:07 +0000 2018,288,"Peter Thiel, Silicon Valley‚Äôs iconoclast, argues that the anger being turned on Facebook is less about Russia and m‚Ä¶ https://t.co/M001mevhc5",-0.743,0.741,0.259,0.0
nytimes,Thu Mar 08 18:45:07 +0000 2018,289,RT @MaggieAstor: The Florida legislature passed its first gun control bill in years. Here's what's in it. https://t.co/NA0srjqxYA,-0.34,0.876,0.124,0.0
nytimes,Thu Mar 08 18:35:08 +0000 2018,290,"Adam Rippon: ""I kind of have a feeling that I‚Äôve used the Olympics to get myself to meet the world"" https://t.co/jycpwaju5R",0.128,0.927,0.0,0.073
nytimes,Thu Mar 08 18:25:03 +0000 2018,291,Cigna struck a big deal for Express Scripts. Here's what it reveals about health care. https://t.co/fm175MQ0TQ,0.296,0.714,0.11,0.176
nytimes,Thu Mar 08 18:15:07 +0000 2018,292,"RT @nytopinion: The next Standing Rock may be in Oregon, where the Klamath Tribes have joined with other Native American tribes to oppose a‚Ä¶",0.0,1.0,0.0,0.0
nytimes,Thu Mar 08 18:05:03 +0000 2018,293,"President Trump said he might spare close allies such as Canada, Mexico and Australia from the stiff new tariffs he‚Ä¶ https://t.co/J4W0zK6fau",0.0,1.0,0.0,0.0
nytimes,Thu Mar 08 17:54:03 +0000 2018,294,RT @ckoettl: 1/8 Here‚Äôs how we used satellite images &amp; geographic data to find burned villages in the Democratic Republic of Congo. We comb‚Ä¶,0.0,1.0,0.0,0.0
nytimes,Thu Mar 08 17:45:08 +0000 2018,295,President Trump said violent video games and movies may play a role in school shootings ‚Äî a claim that has been rej‚Ä¶ https://t.co/Oic9z5FW93,-0.3612,0.741,0.16,0.099
nytimes,Thu Mar 08 17:35:07 +0000 2018,296,Clocks spring forward this weekend. Florida never wants them to fall back. https://t.co/tWqLL2Qooe,0.0,1.0,0.0,0.0
nytimes,Thu Mar 08 17:27:00 +0000 2018,297,"Henrietta Lacks 1920-1951

Cancer cells were taken from her body without permission. They led to a medical revoluti‚Ä¶ https://t.co/ahGsObOCRA",-0.6597,0.794,0.206,0.0
nytimes,Thu Mar 08 17:23:00 +0000 2018,298,"Qiu Jin 1875-1907

With her passion for wine and bomb making, Qiu Jin was unlike most women born in late 19th-centu‚Ä¶ https://t.co/BkarOc1r1g",-0.0516,0.763,0.122,0.115
nytimes,Thu Mar 08 17:19:00 +0000 2018,299,"Sylvia Plath 1932-1963

‚ÄúOut of the ash
I rise with my red hair
And I eat men like air.‚Äù https://t.co/2BZvaJLlKW",0.3612,0.872,0.0,0.128
BBCNews,Thu Mar 08 10:53:21 +0000 2018,300,"Squint and it looks a bit like a lizard, possibly ü§®

https://t.co/7ae6Lvvh9S",0.3612,0.762,0.0,0.238
BBCNews,Thu Mar 08 10:46:30 +0000 2018,301,RT @bbcweather: Treacherous conditions on the A19 in North Yorkshire today. #Snow warnings are in force for many parts of the country until‚Ä¶,-0.296,0.909,0.091,0.0
BBCNews,Thu Mar 08 10:46:11 +0000 2018,302,"RT @VictoriaLIVE: Russian spy case: 'So far The Kremlin hasn't figured out a way to kill me without getting caught. This is terrifying.'

@‚Ä¶",-0.6908,0.824,0.176,0.0
BBCNews,Thu Mar 08 10:43:20 +0000 2018,303,Nottingham Trent University halls 'we hate blacks' chant investigated https://t.co/KDNHRScu7w,-0.5719,0.709,0.291,0.0
BBCNews,Thu Mar 08 10:20:53 +0000 2018,304,"RT @VictoriaLIVE: 'Only a high-level and malicious government could use a nerve agent.' - @Billbrowder

https://t.co/jSamFYaNDD https://t.c‚Ä¶",0.0,1.0,0.0,0.0
BBCNews,Thu Mar 08 10:19:17 +0000 2018,305,When step-free access on London's Tube... isn't üöá https://t.co/0wKG7YOG0H,0.0,1.0,0.0,0.0
BBCNews,Thu Mar 08 10:08:46 +0000 2018,306,"Travel problems as snow falls across Yorkshire 

https://t.co/6GpKTBlzY5 https://t.co/zUaWx7Y1Je",-0.4019,0.748,0.252,0.0
BBCNews,Thu Mar 08 09:58:26 +0000 2018,307,"RT @BBCHughPym: NHS Eng says 22,800 fewer elective ops/procedures carried out in Jan 18 than Jan 17 - following instruction to hospitals to‚Ä¶",0.0,1.0,0.0,0.0
BBCNews,Thu Mar 08 09:58:13 +0000 2018,308,RT @BBCHughPym: 85% patients treated/assessed in A&amp;E units in 4 hrs in Eng in Feb - lowest since modern records began,-0.3818,0.874,0.126,0.0
BBCNews,Thu Mar 08 09:57:58 +0000 2018,309,John Lewis staff bonus cut again as profits fall https://t.co/ICwMinfWJN,0.6486,0.452,0.135,0.413
BBCNews,Thu Mar 08 09:57:58 +0000 2018,310,Empty-nesters 'resent boomerang kids' https://t.co/3ytMEbZmxe,-0.1779,0.702,0.298,0.0
BBCNews,Thu Mar 08 09:51:13 +0000 2018,311,RT @BBCClick: Fashion designer Lina Wassong wants to encourage more women to get into technology. See how here. https://t.co/UFuFz2Kknd,0.5106,0.845,0.0,0.155
BBCNews,Thu Mar 08 09:35:05 +0000 2018,312,"RT @bbcrugbyunion: Owen Farrell will captain England for the first time in Saturday's Six Nations match.

Dylan Hartley has been ruled out‚Ä¶",0.0,1.0,0.0,0.0
BBCNews,Thu Mar 08 09:14:52 +0000 2018,313,Snow brings school closures and police travel warning https://t.co/xl9Jr9lxi5,-0.34,0.769,0.231,0.0
BBCNews,Thu Mar 08 08:37:20 +0000 2018,314,"RT @SallyBundockBBC: #BBCBizLive is marking #IWD2018 with great guests and a female entrepreneur who makes ""foldable shoes"". Plus we are as‚Ä¶",0.6249,0.823,0.0,0.177
BBCNews,Thu Mar 08 08:28:30 +0000 2018,315,RT @danroan: ICYMI Pressure builds on Brailsford as head of world cycling tells me he wants UCI investigation into findings of MP's explosi‚Ä¶,-0.296,0.909,0.091,0.0
BBCNews,Thu Mar 08 08:20:57 +0000 2018,316,RT @bbcweather: Snow gradually clearing this morning to leave sunshine and showers for most of the country. Here's the forecast for today a‚Ä¶,0.4588,0.827,0.047,0.126
BBCNews,Thu Mar 08 08:18:46 +0000 2018,317,"RT @BBCr4today: ""All we're going to say at this stage is that it is a nerve agent,"" says Home Secretary Amber Rudd on the Russian spy attac‚Ä¶",0.0,1.0,0.0,0.0
BBCNews,Thu Mar 08 08:05:36 +0000 2018,318,"""This was a very serious incident"" - home secretary on attempted murder of ex-Russian spy Sergei Skripal. Amber Rud‚Ä¶ https://t.co/NxQjWG7w2U",-0.7425,0.718,0.282,0.0
BBCNews,Thu Mar 08 07:58:54 +0000 2018,319,Isaiah Haastrup parents announce death of 'brave baby boy' https://t.co/R9OXRuQCnn,-0.128,0.523,0.255,0.222
CBSNews,Thu Mar 08 15:15:01 +0000 2018,320,Cigna agrees to buy pharmacy benefits manager Express Scripts for $52 billion: https://t.co/4UQRYcnxSU https://t.co/zvb40wdfvg,0.5267,0.732,0.0,0.268
CBSNews,Thu Mar 08 15:00:01 +0000 2018,321,What does the use of a nerve agent in the attack on a Russian ex-spy tell us about who did it?‚Ä¶ https://t.co/T0s9g1G9mw,-0.4767,0.86,0.14,0.0
CBSNews,Thu Mar 08 14:45:33 +0000 2018,322,"The Eiffel Tower lit up on the eve of #InternationalWomensDay for ""Maintenant On Agit,"" which translates to ""Now We‚Ä¶ https://t.co/QHCrDI4W40",0.0,1.0,0.0,0.0
CBSNews,Thu Mar 08 14:30:01 +0000 2018,323,The president of the Navajo Nation says a proposal to rename a Utah highway after President Trump is insulting:‚Ä¶ https://t.co/Vwca02I2FT,0.0,1.0,0.0,0.0
CBSNews,Thu Mar 08 14:15:01 +0000 2018,324,"The U.S. commitment to Africa ""is quite clear,"" Secretary of State Rex Tillerson says, beginning his five-country A‚Ä¶ https://t.co/AuVSJ9uwRi",0.3818,0.874,0.0,0.126
CBSNews,Thu Mar 08 14:00:45 +0000 2018,325,"WATCH: NBA star Dwyane Wade surprises the kids who ""inspire"" him -- the students at Stoneman Douglas High School https://t.co/GAZC4tIVxY",0.2263,0.909,0.0,0.091
CBSNews,Thu Mar 08 13:48:48 +0000 2018,326,The @CBSThisMorning series #AMorePerfectUnion aims to show that what unites us as Americans is far greater than wha‚Ä¶ https://t.co/qeas41p6mz,0.3612,0.878,0.0,0.122
CBSNews,Thu Mar 08 13:41:18 +0000 2018,327,A retired military leader and a college professor are offering advice on the challenges of leadership with their ne‚Ä¶ https://t.co/DUpPe6xbkX,0.0772,0.929,0.0,0.071
CBSNews,Thu Mar 08 13:40:01 +0000 2018,328,"MoviePass, a popular movie ticket subscription service, admits it's looking at ways to gather private information o‚Ä¶ https://t.co/e3bUWQVw31",0.6124,0.75,0.0,0.25
CBSNews,Thu Mar 08 13:37:38 +0000 2018,329,"Malala Yousafzai reveals a new detail about the attack that almost killed her in Pakistan, during an interview with‚Ä¶ https://t.co/4V35oFVsvB",-0.8078,0.699,0.301,0.0
CBSNews,Thu Mar 08 13:34:13 +0000 2018,330,Here‚Äôs a look at some of this morning‚Äôs headlines on @CBSThisMorning: https://t.co/q2j8J5mqxY,0.0,1.0,0.0,0.0
CBSNews,Thu Mar 08 13:25:43 +0000 2018,331,AHEAD on @CBSThisMorning: The four-star general teaming up with the peace studies major for a new book on leadershi‚Ä¶ https://t.co/vaCqkPwDnY,0.5423,0.837,0.0,0.163
CBSNews,Thu Mar 08 13:21:33 +0000 2018,332,CBS News has been behind the scene with the Stoneman Douglas students and parents at the center of the movement for‚Ä¶ https://t.co/dtI1pK8ctd,0.0,1.0,0.0,0.0
CBSNews,Thu Mar 08 13:20:01 +0000 2018,333,"New report from Veterans Affairs watchdog slams department's leadership, blaming ""failed leadership"" and a ""climate‚Ä¶ https://t.co/LpUkGSDicF",-0.7579,0.667,0.333,0.0
CBSNews,Thu Mar 08 13:14:07 +0000 2018,334,"With the new tax plan is now in affect, Americans at most income levels will eventually get some relief. CBS News b‚Ä¶ https://t.co/aPQQI9aSFd",0.4767,0.876,0.0,0.124
CBSNews,Thu Mar 08 13:11:04 +0000 2018,335,"‚ÄúWhen you have tariffs, you raise prices on steel, and all 320 million Americans lose...If you just look at steel,‚Ä¶ https://t.co/PFhTIy5Z07",0.0,1.0,0.0,0.0
CBSNews,Thu Mar 08 13:06:53 +0000 2018,336,"‚ÄúTariffs always hurt us. Ultimately nobody ever wins a trade war. Both sides lose a trade war...We need more trade,‚Ä¶ https://t.co/m2XsX5zM2V",-0.743,0.523,0.348,0.129
CBSNews,Thu Mar 08 13:05:42 +0000 2018,337,The White House says it expects Pres. Trump to sign his new tariff plan for imported steel and aluminum by the end‚Ä¶ https://t.co/iXTn2XmY2Z,0.0,1.0,0.0,0.0
CBSNews,Thu Mar 08 13:03:42 +0000 2018,338,"A winter storm warning is still up in northern New England, where more snow is falling after a second nor‚Äôeaster‚Ä¶ https://t.co/BgSwJiM516",-0.5046,0.799,0.201,0.0
CBSNews,Thu Mar 08 13:00:01 +0000 2018,339,New forensic analysis indicates that bones found on a remote South Pacific island in 1940 are very likely belong to‚Ä¶ https://t.co/LjZKxGcoV7,0.0,1.0,0.0,0.0
CNN,Thu Mar 08 19:28:27 +0000 2018,340,"Volkswagen says it will stop using coal to power its main factory in Wolfsburg, Germany https://t.co/yxE1eIG6oG https://t.co/w2sugdXQz8",-0.296,0.879,0.121,0.0
CNN,Thu Mar 08 19:20:03 +0000 2018,341,"In his fight with North Korea, Trump may end up with no allies | @NicRobertsonCNN for @CNNopinion‚Ä¶ https://t.co/MF5muUcnk0",-0.5859,0.758,0.242,0.0
CNN,Thu Mar 08 19:10:07 +0000 2018,342,Trump wants you to think about video games instead of guns | Analysis by @zbyronwolf¬†@zbyronwolf¬†‚Ä¶ https://t.co/5uutuvLV6i,0.0,1.0,0.0,0.0
CNN,Thu Mar 08 19:00:13 +0000 2018,343,9 things you need to believe if you believe the White House on Stormy Daniels | Analysis by @CillizzaCNN‚Ä¶ https://t.co/zwvP0mf89V,0.0,1.0,0.0,0.0
CNN,Thu Mar 08 18:50:00 +0000 2018,344,"Sen. Tammy Duckworth will be the first US senator to give birth while in office, and she's fighting to change longs‚Ä¶ https://t.co/Uljo219oJ6",-0.3612,0.894,0.106,0.0
CNN,Thu Mar 08 18:43:15 +0000 2018,345,@theashleygraham @Caitlyn_Jenner @CarmenYulinCruz @DVF @muzoonrakan1 @UNICEF @bobblanddesign @karunanundy‚Ä¶ https://t.co/pSG5QNVNG6,0.0,1.0,0.0,0.0
CNN,Thu Mar 08 18:39:49 +0000 2018,346,"Russian internet trolls created an anti-Hillary Clinton video game called ""Hilltendo"" and tried to make it go viral‚Ä¶ https://t.co/afpc123s31",0.25,0.9,0.0,0.1
CNN,Thu Mar 08 18:32:00 +0000 2018,347,McDonald's is celebrating #InternationalWomensDay by flipping its famous golden arches https://t.co/biYp1ZduyT https://t.co/H8MMkU7HOL,0.5719,0.748,0.0,0.252
CNN,Thu Mar 08 18:23:00 +0000 2018,348,"When Laxmi was 15, a man she refused to marry threw acid in her face. But she recovered from her injuries and chang‚Ä¶ https://t.co/ExD5GdcO80",-0.296,0.909,0.091,0.0
CNN,Thu Mar 08 18:10:10 +0000 2018,349,A Missouri police officer killed this week in the line of duty met with gunfire only after he was dispatched to the‚Ä¶ https://t.co/HYWoNIjHrz,-0.6705,0.824,0.176,0.0
CNN,Thu Mar 08 17:47:25 +0000 2018,350,@theashleygraham @Caitlyn_Jenner @CarmenYulinCruz @DVF @muzoonrakan1 @UNICEF @bobblanddesign @karunanundy‚Ä¶ https://t.co/37dwU8ZnGP,0.0,1.0,0.0,0.0
CNN,Thu Mar 08 17:46:41 +0000 2018,351,@theashleygraham @Caitlyn_Jenner @CarmenYulinCruz @DVF @muzoonrakan1 @UNICEF @bobblanddesign @karunanundy‚Ä¶ https://t.co/vFaGKx23rg,0.0,1.0,0.0,0.0
CNN,Thu Mar 08 17:45:33 +0000 2018,352,@theashleygraham @Caitlyn_Jenner @CarmenYulinCruz @DVF @muzoonrakan1 @UNICEF @bobblanddesign @karunanundy‚Ä¶ https://t.co/bo53G6XGgJ,0.0,1.0,0.0,0.0
CNN,Thu Mar 08 17:44:43 +0000 2018,353,@theashleygraham @Caitlyn_Jenner @CarmenYulinCruz @DVF @muzoonrakan1 @UNICEF @bobblanddesign @karunanundy‚Ä¶ https://t.co/hlNoEhDOxl,0.0,1.0,0.0,0.0
CNN,Thu Mar 08 17:43:58 +0000 2018,354,@theashleygraham @Caitlyn_Jenner @CarmenYulinCruz @DVF @muzoonrakan1 @UNICEF @bobblanddesign @karunanundy‚Ä¶ https://t.co/p3Ez30VMb7,0.0,1.0,0.0,0.0
CNN,Thu Mar 08 17:43:11 +0000 2018,355,@theashleygraham @Caitlyn_Jenner @CarmenYulinCruz @DVF @muzoonrakan1 @UNICEF @bobblanddesign @karunanundy‚Ä¶ https://t.co/4smfFqlPeG,0.0,1.0,0.0,0.0
CNN,Thu Mar 08 17:42:02 +0000 2018,356,@theashleygraham @Caitlyn_Jenner @CarmenYulinCruz @DVF @muzoonrakan1 @UNICEF @bobblanddesign @karunanundy‚Ä¶ https://t.co/sYFiiE2pot,0.0,1.0,0.0,0.0
CNN,Thu Mar 08 17:40:53 +0000 2018,357,@theashleygraham @Caitlyn_Jenner @CarmenYulinCruz @DVF @muzoonrakan1 @UNICEF @bobblanddesign @karunanundy‚Ä¶ https://t.co/ngx7uBQlVT,0.0,1.0,0.0,0.0
CNN,Thu Mar 08 17:39:13 +0000 2018,358,@theashleygraham @Caitlyn_Jenner @CarmenYulinCruz @DVF @muzoonrakan1 @UNICEF @bobblanddesign @karunanundy‚Ä¶ https://t.co/bFHQopTOk0,0.0,1.0,0.0,0.0
CNN,Thu Mar 08 17:38:04 +0000 2018,359,@theashleygraham @Caitlyn_Jenner @CarmenYulinCruz @DVF @muzoonrakan1 @UNICEF @bobblanddesign @karunanundy‚Ä¶ https://t.co/yvva0lx8mC,0.0,1.0,0.0,0.0
FoxNews,Thu Mar 08 20:39:04 +0000 2018,360,"RT @FoxBusiness: Trump rolling out big trade tariffs, sparing Mexico, Canada https://t.co/sgslDxwmLg",0.0,1.0,0.0,0.0
FoxNews,Thu Mar 08 20:37:58 +0000 2018,361,WATCH LIVE: @POTUS signs an order to impose tariffs on steel and aluminum imports. https://t.co/SCtUVTYNxk,-0.296,0.864,0.136,0.0
FoxNews,Thu Mar 08 20:37:02 +0000 2018,362,RT @FoxBusiness: #BreakingNews: @POTUS to impose tariffs on steel and aluminum but is exempting Mexico and Canada for now. @BlakeBurman wit‚Ä¶,-0.1531,0.926,0.074,0.0
FoxNews,Thu Mar 08 20:33:33 +0000 2018,363,".@DLoesch on @GovMalloyOffice likening @NRA to terrorists: ""Maybe making my kids get all their homework done makes‚Ä¶ https://t.co/K1DC5eMqBt",-0.6249,0.806,0.194,0.0
FoxNews,Thu Mar 08 20:31:15 +0000 2018,364,Washington state school district arms teachers: 'It protects the kids' https://t.co/VmxZvLUEiT,0.3182,0.813,0.0,0.187
FoxNews,Thu Mar 08 20:26:24 +0000 2018,365,SOON: @POTUS to sign off on steel and aluminum tariffs. @ShepNewsTeam https://t.co/AGd6Q5AOY6 https://t.co/WAE2wcQHpR,0.0,1.0,0.0,0.0
FoxNews,Thu Mar 08 20:19:59 +0000 2018,366,"'Sopranos' prequel movie in the works from creator David Chase, report says https://t.co/xbhmriXtQZ",0.0,1.0,0.0,0.0
FoxNews,Thu Mar 08 20:17:11 +0000 2018,367,Former Trump campaign chairman Paul Manafort pleads not guilty to charges @ShepNewsTeam https://t.co/NMt6pxu9DZ https://t.co/g7WArsJfJd,0.4847,0.743,0.0,0.257
FoxNews,Thu Mar 08 20:16:45 +0000 2018,368,"Trump imposing tariffs on all steel, aluminum imports; exempts Mexico and Canada for now - via @brookefoxnews‚Ä¶ https://t.co/Z6p20jrdKw",-0.1027,0.92,0.08,0.0
FoxNews,Thu Mar 08 20:16:17 +0000 2018,369,.@ICEgov Director Calls Out 'Political Game' by CA Dems: 'They Don't Want to Know the Facts' https://t.co/ZOf3stHY4H https://t.co/zvssKjsKHO,-0.0572,0.933,0.067,0.0
FoxNews,Thu Mar 08 20:10:51 +0000 2018,370,Jon Favreau to write 'Star-Wars' live-action TV series https://t.co/1UJ8UKVSL7,0.0,1.0,0.0,0.0
FoxNews,Thu Mar 08 20:09:47 +0000 2018,371,RT @FoxBusiness: U.S. steel imports: https://t.co/e3QBlQLoTB,0.0,1.0,0.0,0.0
FoxNews,Thu Mar 08 20:07:29 +0000 2018,372,New Jersey driver killed after driving around barricade onto live wires https://t.co/uogp6Hkmhi,-0.6705,0.71,0.29,0.0
FoxNews,Thu Mar 08 20:01:39 +0000 2018,373,"At a Cabinet meeting today, President @realDonaldTrump slammed Oakland Mayor @LibbySchaaf. https://t.co/zpLyEfEHFy https://t.co/Ifb7vbWX2G",0.0,1.0,0.0,0.0
FoxNews,Thu Mar 08 19:58:47 +0000 2018,374,Virginia man to give away engagement ring to 'lucky couple' https://t.co/axK3nSYz8x,0.7003,0.608,0.0,0.392
FoxNews,Thu Mar 08 19:55:21 +0000 2018,375,".@LeonHWolf on @POTUS' tariffs: ""Laying an across the board tariff is a bad idea...there are way, way more people w‚Ä¶ https://t.co/F2M7QyCqKs",-0.5423,0.844,0.156,0.0
FoxNews,Thu Mar 08 19:49:40 +0000 2018,376,"Earlier today, @FLOTUS tweeted her celebration of #InternationalWomensDay. https://t.co/Y6vcQ2jGZ4 https://t.co/uDBIgK6Qz3",0.0,1.0,0.0,0.0
FoxNews,Thu Mar 08 19:47:11 +0000 2018,377,WATCH: @realDonaldTrump's 'Madman Approach' to North Korea Gets Credit From Mainstream Media https://t.co/QFQgiUWa0L,0.3818,0.822,0.0,0.178
FoxNews,Thu Mar 08 19:42:03 +0000 2018,378,"Mexican presidential hopeful campaigns in California, slams @realDonaldTrump and backs illegal immigrants https://t.co/BKYJ2Z5dzv",-0.128,0.552,0.265,0.182
FoxNews,Thu Mar 08 19:38:16 +0000 2018,379,U.S. Congress job performance. https://t.co/gbyk9flzsW,0.0,1.0,0.0,0.0
nytimes,Thu Mar 08 17:15:01 +0000 2018,380,"We are committed to doing better. We‚Äôll be adding to this collection each week, as Overlooked becomes a regular fea‚Ä¶ https://t.co/iRt1DJFcm4",0.5994,0.736,0.048,0.216
nytimes,Thu Mar 08 17:12:35 +0000 2018,381,"Historically, distant conflicts have been difficult to analyze. But new technologies allow us to investigate them i‚Ä¶ https://t.co/KQLgXtpJmj",-0.4939,0.682,0.232,0.086
nytimes,Thu Mar 08 17:05:08 +0000 2018,382,"We used NASA data, satellite imagery and video forensics to investigate a recent flare-up of violence in the Democr‚Ä¶ https://t.co/kb4GS4GERK",-0.6249,0.814,0.186,0.0
nytimes,Thu Mar 08 16:55:10 +0000 2018,383,"If you‚Äôre worried about the stock market, find someone to give you a hug. Let us explain. https://t.co/4fY0CMPQbY",0.2263,0.739,0.108,0.153
nytimes,Thu Mar 08 16:45:17 +0000 2018,384,RT @SarahMaslinNir: Yeah the subways are bad. Have you tried riding the bus?  My story on what‚Äôs gone wrong as the city buses lose record r‚Ä¶,-0.7964,0.657,0.278,0.066
nytimes,Thu Mar 08 16:30:17 +0000 2018,385,"""In my career, and I‚Äôve been doing this since I was 14, I‚Äôve never seen anything like this. So many more young peop‚Ä¶ https://t.co/jJf19q2wln",-0.2755,0.912,0.088,0.0
nytimes,Thu Mar 08 16:15:16 +0000 2018,386,"RT @nytopinion: Trump's hires include people who confess to crimes, who are secretly operating as foreign agents, who allegedly beat their‚Ä¶",0.0,1.0,0.0,0.0
nytimes,Thu Mar 08 16:08:07 +0000 2018,387,An ex-Russian spy and his daughter are in critical but stable condition after being poisoned by a nerve agent in En‚Ä¶ https://t.co/gUX0Uxm4YT,-0.4854,0.673,0.222,0.105
nytimes,Thu Mar 08 16:00:22 +0000 2018,388,How to spend 36 hours in Auckland https://t.co/iMTInGZYN8,0.0,1.0,0.0,0.0
nytimes,Thu Mar 08 15:46:03 +0000 2018,389,RT @nytpolitics: Robert Mueller has learned of two conversations in recent months in which President Trump asked key witnesses about matter‚Ä¶,0.0,1.0,0.0,0.0
nytimes,Thu Mar 08 15:30:04 +0000 2018,390,"""I collected active-fire data from NASA ‚Äî thermal anomalies, or hot spots, that are recorded daily. It showed dozen‚Ä¶ https://t.co/86kdZT9vJt",0.0,1.0,0.0,0.0
nytimes,Thu Mar 08 15:16:03 +0000 2018,391,The Republican-controlled House plans to vote next week on legislation to beef up security at the nation's schools https://t.co/KspRcraIP6,0.34,0.882,0.0,0.118
nytimes,Thu Mar 08 15:04:52 +0000 2018,392,"@NatalieOrnell This is just a start. We‚Äôll be adding to this collection each week, as Overlooked becomes a regular‚Ä¶ https://t.co/wIgq14YgOD",-0.0258,0.939,0.061,0.0
nytimes,Thu Mar 08 15:00:37 +0000 2018,393,Morning¬†Briefing: Here's what you need to know to start your day https://t.co/LplSWO0gCH https://t.co/eGXYbEWLYF,0.0,1.0,0.0,0.0
nytimes,Thu Mar 08 14:43:05 +0000 2018,394,RT @nytgraphics: Airports and cities around the Bay Area could be submerged in 80 years https://t.co/4WHKg5C4a2,0.0,1.0,0.0,0.0
nytimes,Thu Mar 08 14:29:03 +0000 2018,395,"Florida gun bill: What's in it, and what isn't https://t.co/WP3uMOood0",-0.34,0.789,0.211,0.0
nytimes,Thu Mar 08 14:21:12 +0000 2018,396,The video shows a black man being Tasered and beaten during a confrontation with 2 white police officers who accuse‚Ä¶ https://t.co/cj4LG0F1U1,-0.6249,0.758,0.242,0.0
nytimes,Thu Mar 08 14:11:04 +0000 2018,397,"Feminist groups in Spain asked women to spend no money and to ignore chores for the day to go on a ""domestic"" strike https://t.co/Xq1ooSX9sg",-0.6369,0.763,0.237,0.0
nytimes,Thu Mar 08 14:00:29 +0000 2018,398,China pledged to hit back at the United States if it sets off a trade war https://t.co/3UuDGD2gjF,-0.2732,0.676,0.188,0.135
nytimes,Thu Mar 08 13:44:04 +0000 2018,399,"New York City‚Äôs failing subways get a lot of attention. But its buses, which serve a more vulnerable population, ar‚Ä¶ https://t.co/RhKDwRqBHN",-0.6697,0.756,0.244,0.0
BBCNews,Thu Mar 08 07:24:49 +0000 2018,400,Rise in NI women seeking free abortions https://t.co/FHK7JO5kpO,0.5106,0.68,0.0,0.32
BBCNews,Thu Mar 08 07:18:27 +0000 2018,401,RT @BBCJLandale: Excl: UK to promise Gibraltar continued access to UK financial markets after Brexit. NB this matters not just to the Rock‚Ä¶,0.3453,0.86,0.0,0.14
BBCNews,Thu Mar 08 06:00:34 +0000 2018,402,Post-Brexit UK financial markets 'offer' for Gibraltar https://t.co/rKGnJyDfCz,0.0,1.0,0.0,0.0
BBCNews,Thu Mar 08 05:52:03 +0000 2018,403,Russian spy: Police seek to identify nerve agent source https://t.co/CfGE4ldar4,0.0,1.0,0.0,0.0
BBCNews,Thu Mar 08 05:23:13 +0000 2018,404,"Norwood stabbing: Man, 19, charged with murder https://t.co/sMCdqeaOKE",-0.7579,0.48,0.52,0.0
BBCNews,Thu Mar 08 02:55:06 +0000 2018,405,Two teenagers killed in crash near Thirsk https://t.co/nXA0SDerxU,-0.802,0.455,0.545,0.0
BBCNews,Thu Mar 08 02:27:43 +0000 2018,406,Growth 'more important than Brexit' https://t.co/rLIIF1NyIm,0.5709,0.46,0.0,0.54
BBCNews,Thu Mar 08 02:10:45 +0000 2018,407,Pregnant modern slaves face 'shocking' danger https://t.co/qGKuI21zp8,-0.5267,0.638,0.362,0.0
BBCNews,Thu Mar 08 02:10:45 +0000 2018,408,Parking and bus lane fine appeals win four times out of 10 https://t.co/TUlQuJozo5,0.6808,0.663,0.0,0.337
BBCNews,Thu Mar 08 01:54:13 +0000 2018,409,Tagging plan for domestic abuse suspects in draft bill https://t.co/dRtENop0st,-0.765,0.548,0.452,0.0
BBCNews,Thu Mar 08 00:51:48 +0000 2018,410,Save the Children admits 'unsafe behaviour' in workplace https://t.co/3ngvCrmCHM,0.6597,0.565,0.0,0.435
BBCNews,Wed Mar 07 22:36:52 +0000 2018,411,"Thursday‚Äôs Sun: ‚ÄúNerve Agent Horror‚Äù #bbcpapers #tomorrowspaperstoday 
(via @AllieHBNews)
https://t.co/PMlLYDgybN",0.0,1.0,0.0,0.0
BBCNews,Wed Mar 07 22:36:16 +0000 2018,412,"Thursday‚Äôs Daily Star: ‚ÄúHero Cop Hit By Russki Nerve Agent‚Äù #bbcpapers #tomorrowspaperstoday 
(via @AllieHBNews)
https://t.co/3VTj9Olzz5",0.0,1.0,0.0,0.0
BBCNews,Wed Mar 07 22:35:39 +0000 2018,413,"Thursday‚Äôs Daily Mirror: ‚ÄúCop Poisoned By Nerve Gas Assassins‚Äù #bbcpapers #tomorrowspaperstoday 
(via @AllieHBNews)
https://t.co/VtoSCx0AUw",-0.4939,0.802,0.198,0.0
BBCNews,Wed Mar 07 22:34:43 +0000 2018,414,"Thursday‚Äôs Guardian: ‚ÄúRussian spy and his daughter were poisoned by nerve agent‚Äù #bbcpapers #tomorrowspaperstoday
(‚Ä¶ https://t.co/G6BYL2kebb",-0.4939,0.824,0.176,0.0
BBCNews,Wed Mar 07 22:16:54 +0000 2018,415,"Thursday's Daily Express: ""Corrie Star Bill: My Heartbreak"" #bbcpapers #tomorrowspaperstoday 
(via @AllieHBNews)
https://t.co/n2FjVmoAzF",-0.5719,0.764,0.236,0.0
BBCNews,Wed Mar 07 22:15:30 +0000 2018,416,"Thursday's Daily Telegraph: ""Policeman poisoned by Russian spy nerve agent"" #bbcpapers #tomorrowspaperstoday 
(via‚Ä¶ https://t.co/es0OxvH7pe",-0.4939,0.802,0.198,0.0
BBCNews,Wed Mar 07 22:15:07 +0000 2018,417,"Thursday's i- ""Russian spy was poisoned with nerve agent"" 
#bbcpapers #tomorrowspaperstoday 
(via @AllieHBNews)
https://t.co/nrljdWeLRD",-0.4939,0.802,0.198,0.0
BBCNews,Wed Mar 07 22:14:47 +0000 2018,418,"Thursday's Financial Times: ""Brussels rebuffs May trade vision in warning of inevitable friction"" #bbcpapers‚Ä¶ https://t.co/cLUx2fPmEO",-0.1027,0.747,0.138,0.115
BBCNews,Wed Mar 07 22:14:22 +0000 2018,419,"Thursday's Metro: ""It WAS Nerve Agent"" 
#tomorrowspaperstoday  #bbcpapers
(via @AllieHBNews)
https://t.co/KH0j3e2prE",0.0,1.0,0.0,0.0
CBSNews,Thu Mar 08 12:52:52 +0000 2018,420,Here‚Äôs a look at some of this morning‚Äôs headlines from around the globe on @CBSThisMorning: https://t.co/b6HwqDFeFo,0.0,1.0,0.0,0.0
CBSNews,Thu Mar 08 12:48:15 +0000 2018,421,AHEAD on @CBSThisMorning: We go behind the scenes with Parkland students as they move into new office space https://t.co/1WuhFHbq0w,0.0,1.0,0.0,0.0
CBSNews,Thu Mar 08 12:44:54 +0000 2018,422,"MoviePass, a popular movie ticket subscription service, admits it's looking at ways to gather private information o‚Ä¶ https://t.co/Kr5WdDDyIu",0.6124,0.75,0.0,0.25
CBSNews,Thu Mar 08 12:41:01 +0000 2018,423,COMING UP on @CBSThisMorning: The popular movie ticket service MoviePass is facing an angry backlash after its CEO‚Ä¶ https://t.co/0Y1D0FBha0,-0.128,0.736,0.143,0.121
CBSNews,Thu Mar 08 12:40:30 +0000 2018,424,The Northeastern women's basketball team put in more work after practice Wednesday -- when the team's bus got stuck‚Ä¶ https://t.co/t7WpYwYak4,0.0,1.0,0.0,0.0
CBSNews,Thu Mar 08 12:37:05 +0000 2018,425,British police revealed the substance used to poison a former Russian spy was a nerve agent. News of the nerve agen‚Ä¶ https://t.co/mj8KRID1eB,-0.5423,0.844,0.156,0.0
CBSNews,Thu Mar 08 12:34:14 +0000 2018,426,"A new report from a Veterans Affairs watchdog slammed the department's leadership, blaming ""failed leadership"" and‚Ä¶ https://t.co/Uhh9cdsRpq",-0.7579,0.667,0.333,0.0
CBSNews,Thu Mar 08 12:21:21 +0000 2018,427,British police say a former Russian spy who is in critical condition was poisoned with a nerve agent. Ahead on‚Ä¶ https://t.co/I4cfpbj6AF,-0.6705,0.756,0.244,0.0
CBSNews,Thu Mar 08 12:19:44 +0000 2018,428,Pres.Trump‚Äôs lawyer got a temporary restraining order barring Stormy Daniels from speaking about her alleged affair‚Ä¶ https://t.co/76lv4fqZXE,0.0,1.0,0.0,0.0
CBSNews,Thu Mar 08 12:16:17 +0000 2018,429,"The White House says if Pres. Trump imposes tariffs on imported steel and aluminum, they ‚Äúmay not‚Äù apply to U.S. al‚Ä¶ https://t.co/M1jsL3I29Q",-0.1027,0.938,0.062,0.0
CBSNews,Thu Mar 08 12:13:45 +0000 2018,430,President Trump plans to visit California next week for the first time in office. He's expected to discuss his admi‚Ä¶ https://t.co/pbsoH62SOB,0.0,1.0,0.0,0.0
CBSNews,Thu Mar 08 12:12:52 +0000 2018,431,A Missouri police officer was shot and killed when he was sent to the wrong home. Radio traffic reveals what happen‚Ä¶ https://t.co/lS9U6PapwE,-0.8225,0.714,0.286,0.0
CBSNews,Thu Mar 08 12:11:04 +0000 2018,432,Florida state lawmakers passed a gun reform bill in the name of the 17 people who died at a Parkland school shootin‚Ä¶ https://t.co/6WGcm8cqL5,-0.7184,0.76,0.24,0.0
CBSNews,Thu Mar 08 12:09:56 +0000 2018,433,Airlines have canceled more than 400 flights today as they recover from the storm. Widespread disruptions and delay‚Ä¶ https://t.co/VkIJYUST9d,-0.34,0.882,0.118,0.0
CBSNews,Thu Mar 08 12:07:32 +0000 2018,434,"Coastal areas didn't get as much snow, but strong winds and high water caused significant damage. @DeMarcoReports h‚Ä¶ https://t.co/C5OwvWc4Na",0.3291,0.594,0.16,0.247
CBSNews,Thu Mar 08 12:05:30 +0000 2018,435,The second snowstorm in March is one too many for millions of people in the Northeast. More than two feet of snow f‚Ä¶ https://t.co/g1L3X7Dm3P,0.0,1.0,0.0,0.0
CBSNews,Thu Mar 08 12:01:01 +0000 2018,436,Powerball winning numbers announced for $348 million jackpot. And the winning numbers are... https://t.co/mkkhnhcVY6 https://t.co/nHzxWZJAat,0.7783,0.657,0.0,0.343
CBSNews,Thu Mar 08 11:45:02 +0000 2018,437,"The popular movie ticket subscription service, @MoviePass, admits that it collects private data on users after its‚Ä¶ https://t.co/2QJKejVLqL",0.6124,0.762,0.0,0.238
CBSNews,Thu Mar 08 11:41:01 +0000 2018,438,International Women's Day protests amplify feminism in Asia https://t.co/FGepKqQoDI https://t.co/h07PUFWJGx,-0.2263,0.826,0.174,0.0
CBSNews,Thu Mar 08 11:35:01 +0000 2018,439,Former Joint Chiefs Chairman @Martin_Dempsey will be on @CBSThisMorning with author @oribrafman. They have a new bo‚Ä¶ https://t.co/nJosUJ61z5,0.0,1.0,0.0,0.0
CNN,Thu Mar 08 17:36:23 +0000 2018,440,@theashleygraham @Caitlyn_Jenner @CarmenYulinCruz @DVF @muzoonrakan1 @UNICEF @bobblanddesign @karunanundy‚Ä¶ https://t.co/HNJtpRQzTC,0.0,1.0,0.0,0.0
CNN,Thu Mar 08 17:35:29 +0000 2018,441,@theashleygraham @Caitlyn_Jenner @CarmenYulinCruz @DVF @muzoonrakan1 @UNICEF @bobblanddesign @karunanundy‚Ä¶ https://t.co/YbtMLrEunr,0.0,1.0,0.0,0.0
CNN,Thu Mar 08 17:34:23 +0000 2018,442,@theashleygraham @Caitlyn_Jenner @CarmenYulinCruz @DVF @muzoonrakan1 @UNICEF @bobblanddesign @karunanundy ‚ÄúWe have‚Ä¶ https://t.co/VQIOWE6xvQ,0.0,1.0,0.0,0.0
CNN,Thu Mar 08 17:33:30 +0000 2018,443,@theashleygraham @Caitlyn_Jenner @CarmenYulinCruz @DVF @muzoonrakan1 @UNICEF @bobblanddesign ‚ÄúI would make sure tha‚Ä¶ https://t.co/g0lYhMLHaf,0.3182,0.839,0.0,0.161
CNN,Thu Mar 08 17:32:06 +0000 2018,444,"@theashleygraham @Caitlyn_Jenner @CarmenYulinCruz @DVF @muzoonrakan1 @UNICEF ‚ÄúListen to women,‚Äù says‚Ä¶ https://t.co/4rT0n5bAXU",0.0,1.0,0.0,0.0
CNN,Thu Mar 08 17:28:28 +0000 2018,445,"@theashleygraham @Caitlyn_Jenner @CarmenYulinCruz @DVF To achieve gender equality, ""I want to convince everyone to‚Ä¶ https://t.co/ZvQCrwCizl",0.3182,0.798,0.0,0.202
CNN,Thu Mar 08 17:26:08 +0000 2018,446,"@theashleygraham @Caitlyn_Jenner @CarmenYulinCruz When you do a job application, you should not have to say your se‚Ä¶ https://t.co/OYJEl6gGdt",0.0,1.0,0.0,0.0
CNN,Thu Mar 08 17:24:39 +0000 2018,447,"@theashleygraham @Caitlyn_Jenner ""The one thing I would do to improve gender equality is to ensure that all of our‚Ä¶ https://t.co/H3dJOKwSNc",0.6705,0.756,0.0,0.244
CNN,Thu Mar 08 17:23:50 +0000 2018,448,@theashleygraham ‚ÄúWomen are brought up to kind of be a second-class citizen‚Äù says @Caitlyn_Jenner #IWD2018‚Ä¶ https://t.co/VlyKYFDRZ7,0.0,1.0,0.0,0.0
CNN,Thu Mar 08 17:21:46 +0000 2018,449,".@theashleygraham: ‚ÄúWe need to ensure that women see themselves portrayed in media, fashion, beauty and beyond.‚Äù‚Ä¶ https://t.co/NqM1Yvifbz",0.7506,0.701,0.0,0.299
CNN,Thu Mar 08 17:17:13 +0000 2018,450,"To celebrate #IWD2018, @CNN asked women around the world, ""What single thing would you change to improve gender equ‚Ä¶ https://t.co/aPUTYl3OAf",0.765,0.732,0.0,0.268
CNN,Thu Mar 08 17:05:47 +0000 2018,451,"Trump on outgoing chief economic adviser Gary Cohn: ‚ÄúHe‚Äôs been terrific. He may be a globalist, but I still like hi‚Ä¶ https://t.co/jTAhyf8gU3",0.7096,0.711,0.0,0.289
CNN,Thu Mar 08 16:50:01 +0000 2018,452,"With America facing a massive nursing shortage, some hospitals are offering five-figure signing bonuses, free housi‚Ä¶ https://t.co/qx9N6r3ugj",0.7096,0.594,0.091,0.315
CNN,Thu Mar 08 16:35:00 +0000 2018,453,The US ambassador to Mexico was not invited to a meeting between senior White House adviser Jared Kushner and Mexic‚Ä¶ https://t.co/r063UG1OyV,0.0,1.0,0.0,0.0
CNN,Thu Mar 08 16:20:08 +0000 2018,454,One person has been taken into police custody in connection with a shooting that killed one student and injured ano‚Ä¶ https://t.co/2ZMe9iO27I,-0.802,0.714,0.286,0.0
CNN,Thu Mar 08 16:10:11 +0000 2018,455,The long history of blaming video games for mass violence https://t.co/LHKHJUgqRx https://t.co/kWT3kF1vby,-0.8074,0.578,0.422,0.0
CNN,Thu Mar 08 15:59:06 +0000 2018,456,Meghan Markle has been baptized into the Church of England https://t.co/0HcgXUmkzm https://t.co/qoCSXwu3EZ,0.0,1.0,0.0,0.0
CNN,Thu Mar 08 15:42:36 +0000 2018,457,Why companies are embracing #InternationalWomensDay https://t.co/WuS6CWYUM5 https://t.co/grZlom9kVF,0.0,1.0,0.0,0.0
CNN,Thu Mar 08 15:29:32 +0000 2018,458,NASA spacecraft Juno has collected new data on its mission to Jupiter revealing some of the swirling inner mysterie‚Ä¶ https://t.co/kM6mhbbBrv,0.0,1.0,0.0,0.0
CNN,Thu Mar 08 15:05:55 +0000 2018,459,"""Somebody needs to stand up"" to California on immigration, Attorney General Jeff Sessions says‚Ä¶ https://t.co/IN63gV1NOo",0.0,1.0,0.0,0.0
FoxNews,Thu Mar 08 19:38:12 +0000 2018,460,.@Stanford rejects College Republicans' proposed logo because it shows American flag https://t.co/e82rZbjZhE,-0.4939,0.775,0.225,0.0
FoxNews,Thu Mar 08 19:34:11 +0000 2018,461,Professor on leave after telling Asian-American couple to 'go back to your home country' https://t.co/dHHwHH5lUl,-0.0516,0.921,0.079,0.0
FoxNews,Thu Mar 08 19:31:08 +0000 2018,462,.@KristinBTate: Women of Trump Admin Would Be 'Worshipped' by Media If They Were Liberals #InternationalWomensDay https://t.co/Bg9m6Yraq4,0.0,1.0,0.0,0.0
FoxNews,Thu Mar 08 19:19:58 +0000 2018,463,"Moments ago, California Sen. @KamalaHarris slammed President @realDonaldTrump and AG Jeff Sessions over immigration‚Ä¶ https://t.co/hw6OSsqfg5",0.0,1.0,0.0,0.0
FoxNews,Thu Mar 08 19:15:39 +0000 2018,464,".@SpeakerRyan visits The Home Depot's Store Support Center in Atlanta, one of the companies that rewarded its hourl‚Ä¶ https://t.co/m2NUslwR1M",0.7096,0.742,0.0,0.258
FoxNews,Thu Mar 08 19:05:00 +0000 2018,465,".@LaraLeaTrump: ""@JoeBiden has been living off #TheSwamp for five decades."" #OutnumberedOT https://t.co/FVVQ1QiT7o",0.0,1.0,0.0,0.0
FoxNews,Thu Mar 08 19:00:00 +0000 2018,466,"Sgt. @Sean_C_Larkin: ‚ÄúI've been a police officer 21 years...the respect for police officers has changed, and it's s‚Ä¶ https://t.co/kOrv3R4R3l",0.4767,0.846,0.0,0.154
FoxNews,Thu Mar 08 18:57:46 +0000 2018,467,Violent brawl delays Southwest Airlines flight after overhead bin fight https://t.co/Ak0o8YW0Uy,-0.7579,0.581,0.419,0.0
FoxNews,Thu Mar 08 18:50:27 +0000 2018,468,".@LaraLeaTrump: ""The reality is women a lot of times I don't think are voicing their support for @POTUS because som‚Ä¶ https://t.co/xpgBd83nux",0.4019,0.87,0.0,0.13
FoxNews,Thu Mar 08 18:47:12 +0000 2018,469,".@LaraLeaTrump: ""@JoeBiden has been living off #TheSwamp for five decades."" #OutnumberedOT https://t.co/xhOZZtZEn6",0.0,1.0,0.0,0.0
FoxNews,Thu Mar 08 18:44:01 +0000 2018,470,".@HomeDepot pledges $50 million to train 20,000 skilled laborers, military veterans wanted https://t.co/7W5vGe6Ust",0.0,1.0,0.0,0.0
FoxNews,Thu Mar 08 18:39:48 +0000 2018,471,Nimble dad delivers daughter in front seat of car and cuts umbilical cord with shoelace https://t.co/SCbku4I3Zq,-0.296,0.872,0.128,0.0
FoxNews,Thu Mar 08 18:32:14 +0000 2018,472,JUST IN: UK officials say 21 people now being treated in ex-Russian spy poisoning https://t.co/jFV1ldJzGf,-0.5859,0.787,0.213,0.0
FoxNews,Thu Mar 08 18:30:00 +0000 2018,473,"At a Cabinet meeting today, President @realDonaldTrump slammed Oakland Mayor @LibbySchaaf. https://t.co/zpLyEfn6gY https://t.co/H7vWy5vYLk",0.0,1.0,0.0,0.0
FoxNews,Thu Mar 08 18:24:43 +0000 2018,474,"Trump's parting words to adviser Gary Cohn: 'He may be a globalist, but I still like him' - via @brookefoxnews 
https://t.co/23WrcB0yS4",0.5023,0.84,0.0,0.16
FoxNews,Thu Mar 08 18:23:39 +0000 2018,475,"'Where Is Their Disavowal?': @kimguilfoyle Rips Group of House Dems for @LouisFarrakhan Connections
https://t.co/rnIybLHgoA",0.0,1.0,0.0,0.0
FoxNews,Thu Mar 08 18:15:20 +0000 2018,476,".@seanspicer: ""This has nothing to do with [@PaulManafort's] actions stemming from the Trump campaign.""‚Ä¶ https://t.co/d5PTwwAnjU",0.0,1.0,0.0,0.0
FoxNews,Thu Mar 08 18:15:00 +0000 2018,477,".@NASA releases 'unearthly' pictures of Jupiter, showing 9 massive cyclones with Category 5 hurricane wind speeds‚Ä¶ https://t.co/4zMbJ152uW",0.0,1.0,0.0,0.0
FoxNews,Thu Mar 08 18:11:40 +0000 2018,478,Army sets sights on new sniper rifle https://t.co/8FOgpH1cAw,0.0,1.0,0.0,0.0
FoxNews,Thu Mar 08 18:04:01 +0000 2018,479,Disney boss tells shareholders that ‚ÄòThe View‚Äô star Joy Behar apologized for anti-Christian remarks https://t.co/Q5Om2ALO57,0.7269,0.681,0.0,0.319
nytimes,Thu Mar 08 13:31:04 +0000 2018,480,Stormy Daniels was the topic du jour of late night comedy on Wednesday. A roundup: https://t.co/mg7cidxv1k,0.3612,0.848,0.0,0.152
nytimes,Thu Mar 08 13:20:02 +0000 2018,481,President Trump dined at the ornate home of a prominent Washington lawyer with wealthy donors who are expected to p‚Ä¶ https://t.co/Hs5DJf5S71,0.5859,0.789,0.0,0.211
nytimes,Thu Mar 08 13:08:00 +0000 2018,482,"Ida B. Wells 1862-1931

‚ÄúSomebody must show that the Afro-American race is more sinned against than sinning, and it‚Ä¶ https://t.co/iu4vU15aBD",0.25,0.905,0.0,0.095
nytimes,Thu Mar 08 13:04:00 +0000 2018,483,"Madhubala 1933-1969

Madhubala was barely 16 when she became a Bollywood superstar. And she was uninhibited for an‚Ä¶ https://t.co/rjxSx8Tg5o",0.0,1.0,0.0,0.0
nytimes,Thu Mar 08 13:00:06 +0000 2018,484,"Since 1851, obituaries in The New York Times have been dominated by white men. Now, we're adding the stories of 15‚Ä¶ https://t.co/DUv6REyUMJ",0.0,1.0,0.0,0.0
nytimes,Thu Mar 08 12:49:07 +0000 2018,485,Morning¬†Briefing: Here's what you need to know to start your day https://t.co/PfZAmKU0Kz https://t.co/CBURYaUUF6,0.0,1.0,0.0,0.0
nytimes,Thu Mar 08 12:41:05 +0000 2018,486,"In Opinion

Op-Ed contributor Sylvie Kauffmann writes, ""Senior European officials admit that however good their coo‚Ä¶ https://t.co/6mZLKkVzmj",0.5719,0.761,0.0,0.239
nytimes,Thu Mar 08 12:30:16 +0000 2018,487,"In two months, the United States plans to open a new embassy to fulfill Trump's recognition of Jerusalem as Israel'‚Ä¶ https://t.co/UJkEf0Xo3b",0.6908,0.759,0.0,0.241
nytimes,Thu Mar 08 12:19:04 +0000 2018,488,"The United States has moved to allow hunters to import big-game trophies, including elephant tusks and lion hides,‚Ä¶ https://t.co/LmyVoENHLl",0.5719,0.783,0.0,0.217
nytimes,Thu Mar 08 12:11:04 +0000 2018,489,"President Trump is set to formalize tariffs on steel and aluminum imports, over the objections of more than 100 Rep‚Ä¶ https://t.co/OiqBm3vxbD",0.0,1.0,0.0,0.0
nytimes,Thu Mar 08 11:59:06 +0000 2018,490,The video shows a black man being Tasered and beaten during a confrontation with 2 white police officers who accuse‚Ä¶ https://t.co/BBaYD3JbnV,-0.6249,0.758,0.242,0.0
nytimes,Thu Mar 08 11:50:00 +0000 2018,491,@ChuBailiang Even those who thought that they had taken the full measure of Xi Jinping's ambition are surprised by‚Ä¶ https://t.co/Mlz3e1e8wp,0.2263,0.909,0.0,0.091
nytimes,Thu Mar 08 11:45:04 +0000 2018,492,"A group of 11 nations ‚Äî including major U.S. allies like Japan, Canada and Australia ‚Äî is set to sign a broad trade‚Ä¶ https://t.co/kbxPa3e9X6",0.3612,0.884,0.0,0.116
nytimes,Thu Mar 08 11:30:27 +0000 2018,493,Morning¬†Briefing: Here's what you need to know to start your day https://t.co/uA0TR0tqy9 https://t.co/07nGM9rwNh,0.0,1.0,0.0,0.0
nytimes,Thu Mar 08 11:15:06 +0000 2018,494,Even those who thought that they had taken the full measure of Xi Jinpin's ambition are surprised by how fast he ha‚Ä¶ https://t.co/R2YpFopJoY,0.2263,0.921,0.0,0.079
nytimes,Thu Mar 08 11:00:04 +0000 2018,495,These extraordinary women ‚Äî and so many others ‚Äî did not have obituaries in The New York Times. Until now. https://t.co/wXBoqxi2TZ,0.0,1.0,0.0,0.0
nytimes,Thu Mar 08 10:47:06 +0000 2018,496,"Peter Madsen, who is said to have killed and dismembered journalist Kim Wall, goes on trial in Denmark https://t.co/Fp3E6IYchG",-0.6705,0.8,0.2,0.0
nytimes,Thu Mar 08 10:30:10 +0000 2018,497,"RT @RorySmith: What struck me most about Juventus last night was that, in those last 15 minutes, Chiellini and Barzagli were definitely hav‚Ä¶",0.1779,0.817,0.078,0.105
nytimes,Thu Mar 08 10:16:04 +0000 2018,498,"""The E.U. is concerned that behind it all, there are people in the U.S. administration that don't care that there m‚Ä¶ https://t.co/dPxO0566Sx",-0.3875,0.889,0.111,0.0
nytimes,Thu Mar 08 09:59:08 +0000 2018,499,How to cut down on unwanted junk mail https://t.co/K4kUYQGmvK,-0.4588,0.636,0.364,0.0
